"participant","rt"
1,1660
1,913
1,3394
1,1092
1,3229
1,2473
1,2211
1,1842
1,866
1,794
1,3690
1,4339
1,4119
1,2137
1,993
1,2621
1,1751
1,911
1,1901
1,2122
1,1842
1,1756
1,1350
1,1386
1,1884
1,2529
1,2822
1,2102
1,3470
1,1843
1,3283
1,2691
1,2377
1,2238
1,1416
1,1287
1,2731
1,973
1,846
1,1799
1,1690
1,911
1,2119
1,877
1,985
1,1563
1,1281
1,2325
1,1283
1,1935
1,1023
1,918
1,644
1,568
1,854
1,1706
1,1008
1,1027
1,1343
1,1218
1,733
1,1286
1,1360
1,2067
1,951
1,673
1,4025
1,1610
1,1858
1,1090
1,1549
1,1178
1,1766
1,919
1,672
1,950
1,1867
1,1365
1,3197
1,1535
1,1386
1,3280
1,1572
1,734
1,1494
1,1091
1,920
1,1526
1,3514
1,2174
1,875
1,1138
1,2692
1,733
1,1094
1,2698
1,3086
1,1191
1,751
1,1252
1,805
1,2362
1,709
1,4024
1,1156
1,599
1,760
1,608
1,1156
1,1213
1,867
1,1465
1,881
1,896
1,1114
1,1698
1,989
1,831
1,3348
1,831
1,2044
1,1884
1,1307
1,1127
1,1502
1,2091
1,1563
1,1071
1,838
1,3011
1,1208
1,2227
1,677
1,2472
1,1454
1,2065
1,1696
1,2468
1,2450
1,2642
1,993
1,3532
1,3638
1,1198
1,711
1,918
1,1171
1,644
1,1091
1,1133
1,975
1,748
1,1194
1,1992
1,1250
1,910
1,2690
1,2069
1,1571
1,1789
1,860
1,821
1,977
1,2513
1,1995
1,725
1,868
1,2810
1,637
1,862
1,1041
1,1100
1,1205
1,1161
1,894
1,637
1,884
1,861
1,2564
1,1306
1,1790
1,1121
1,1127
10,1056
10,2220
10,868
10,1770
10,684
10,1335
10,1130
10,921
10,629
10,603
10,1214
10,994
10,1341
10,575
10,686
10,905
10,1174
10,2070
10,976
10,1041
10,982
10,671
10,1814
10,2588
10,765
10,1051
10,897
10,854
10,1326
10,615
10,838
10,607
10,774
10,1124
10,1069
10,789
10,1063
10,745
10,881
10,603
10,737
10,1404
10,1649
10,569
10,795
10,979
10,467
10,534
10,955
10,919
10,1608
10,865
10,1356
10,666
10,943
10,1251
10,2280
10,836
10,566
10,825
10,642
10,1057
10,728
10,640
10,578
10,626
10,736
10,1316
10,426
10,1111
10,496
10,607
10,699
10,1196
10,811
10,798
10,591
10,464
10,499
10,646
10,955
10,973
10,978
10,494
10,790
10,827
10,966
10,1200
10,530
10,657
10,640
10,879
10,454
10,538
10,941
10,641
10,462
10,847
10,1075
10,957
10,536
10,754
10,1831
10,680
10,876
10,1079
10,1356
10,746
10,1045
10,530
10,752
10,716
10,1173
10,641
10,498
10,641
10,745
10,389
10,686
10,719
10,1213
10,698
10,658
10,1427
10,793
10,833
10,681
10,1027
10,658
10,864
10,455
10,613
10,568
10,630
10,500
10,534
10,620
10,539
10,2278
10,1355
10,928
10,603
10,719
10,606
10,657
10,1391
10,1004
10,720
10,953
10,1089
10,643
10,819
10,1440
10,1256
10,1088
10,1502
10,662
10,769
10,664
10,801
10,684
10,922
10,1020
10,617
10,906
10,717
10,567
10,658
10,831
10,907
10,1221
10,871
10,791
10,496
10,568
10,707
10,762
10,807
10,454
10,835
10,573
10,589
10,729
10,667
11,1355
11,1325
11,1127
11,1062
11,1119
11,1088
11,1273
11,2324
11,1996
11,1338
11,1175
11,874
11,1753
11,1206
11,1954
11,2133
11,940
11,948
11,1067
11,2019
11,990
11,840
11,732
11,876
11,977
11,918
11,971
11,1001
11,794
11,830
11,943
11,1129
11,758
11,1362
11,1526
11,1842
11,788
11,1121
11,1730
11,695
11,879
11,763
11,651
11,610
11,806
11,1015
11,1139
11,1155
11,924
11,2014
11,1173
11,1095
11,840
11,947
11,939
11,3020
11,785
11,899
11,696
11,2054
11,1499
11,1201
11,1862
11,1274
11,1458
11,936
11,1382
11,992
11,1642
11,1498
11,1348
11,825
11,1066
11,1091
11,1210
11,776
11,1062
11,789
11,949
11,919
11,1198
11,1163
11,1417
11,1195
11,753
11,842
11,623
11,871
11,1273
11,1156
11,3621
11,880
11,748
11,831
11,948
11,794
11,1400
11,1700
11,3682
11,1443
11,833
11,525
11,1772
11,906
11,913
11,1091
11,906
11,904
11,984
11,846
11,579
11,937
11,904
11,995
11,754
11,1063
11,1055
11,735
11,632
11,736
11,646
11,714
11,751
11,1452
11,793
11,940
11,1209
11,721
11,1212
11,917
11,1245
11,797
11,826
11,567
11,1308
11,641
11,1289
11,915
11,1016
11,726
11,1736
11,809
11,685
11,827
11,646
11,932
11,949
11,1129
11,750
11,1119
11,898
11,1051
11,768
11,641
11,902
11,1176
11,1024
11,931
11,914
11,647
11,1235
11,764
11,754
11,603
11,939
11,602
11,1138
11,737
11,776
11,1201
12,1171
12,682
12,705
12,1255
12,890
12,1222
12,1588
12,1062
12,801
12,2130
12,949
12,762
12,2110
12,1062
12,1098
12,730
12,845
12,807
12,1183
12,1221
12,1172
12,842
12,1891
12,1141
12,1551
12,1280
12,1337
12,701
12,731
12,930
12,1182
12,841
12,755
12,1214
12,1023
12,647
12,946
12,1109
12,922
12,659
12,770
12,663
12,1482
12,961
12,676
12,578
12,1178
12,1409
12,812
12,1030
12,776
12,639
12,1024
12,1292
12,843
12,666
12,585
12,991
12,1029
12,1216
12,1287
12,763
12,850
12,857
12,805
12,849
12,708
12,1283
12,686
12,916
12,888
12,1394
12,730
12,922
12,1482
12,1373
12,544
12,1070
12,956
12,577
12,740
12,993
12,741
12,626
12,1107
12,730
12,2289
12,613
12,799
12,1057
12,770
12,1106
12,927
12,954
12,770
12,712
12,633
12,662
12,1024
12,721
12,1062
12,768
12,624
12,808
12,778
12,917
12,844
12,1177
12,1065
12,1000
12,574
12,618
12,844
12,768
12,946
12,1047
12,538
12,768
12,778
12,1141
12,684
12,612
12,984
12,515
12,881
12,626
12,959
12,543
12,1285
12,740
12,920
12,501
12,852
12,1208
12,883
12,814
12,1072
12,727
12,728
12,1765
12,741
12,799
12,1364
12,620
12,1029
12,478
12,746
12,915
12,882
12,1431
12,1094
12,611
12,582
12,617
12,691
12,629
12,542
12,582
12,468
12,1618
12,776
12,834
13,1345
13,1250
13,1989
13,1194
13,1609
13,1383
13,1139
13,985
13,1209
13,943
13,1308
13,1013
13,1303
13,1213
13,1615
13,823
13,899
13,793
13,830
13,994
13,1894
13,778
13,1049
13,852
13,1449
13,1050
13,1205
13,1177
13,1228
13,829
13,1222
13,755
13,1012
13,1035
13,1752
13,1543
13,1067
13,1463
13,810
13,831
13,1136
13,1420
13,1070
13,1536
13,691
13,1575
13,681
13,639
13,780
13,1341
13,921
13,1408
13,1390
13,1152
13,1113
13,1612
13,874
13,1200
13,1037
13,1073
13,829
13,1202
13,952
13,1272
13,1285
13,975
13,685
13,1100
13,602
13,1430
13,724
13,733
13,1832
13,1041
13,705
13,1654
13,1055
13,852
13,1153
13,1172
13,1204
13,1805
13,770
13,1492
13,1022
13,1327
13,1537
13,1212
13,1174
13,1458
13,1553
13,1383
13,1472
13,875
13,893
13,1361
13,970
13,697
13,1318
13,1530
13,1605
13,956
13,1177
13,966
13,1024
13,877
13,795
13,943
13,960
13,1908
13,787
13,838
13,730
13,954
13,804
13,1511
13,1054
13,731
13,982
13,622
13,837
13,951
13,1045
13,907
13,1011
13,893
13,1435
13,1173
13,1008
13,900
13,1575
13,752
13,2308
13,1060
13,1091
13,847
13,985
13,1685
13,991
13,879
13,1864
13,903
13,1055
13,1417
13,918
13,974
13,1022
13,1381
13,2052
13,728
13,759
13,1141
13,1642
13,1330
13,2361
13,1070
13,992
13,941
13,1055
13,1093
13,966
13,994
13,611
13,1651
13,1177
13,1048
13,903
13,696
13,1183
13,920
13,731
13,976
13,1043
13,1225
13,1149
13,580
13,2883
13,1514
14,1254
14,1001
14,1321
14,2628
14,1696
14,734
14,1623
14,2745
14,881
14,1916
14,1104
14,834
14,890
14,814
14,784
14,1486
14,3080
14,721
14,1662
14,811
14,916
14,1580
14,951
14,2304
14,619
14,770
14,926
14,770
14,989
14,650
14,616
14,773
14,1375
14,1999
14,1766
14,731
14,883
14,741
14,948
14,844
14,2343
14,1735
14,1024
14,1415
14,775
14,1785
14,2112
14,1470
14,956
14,1965
14,1545
14,975
14,702
14,1188
14,658
14,962
14,1430
14,656
14,829
14,3870
14,1375
14,1692
14,837
14,919
14,1328
14,1560
14,731
14,1024
14,543
14,965
14,1060
14,1189
14,874
14,698
14,1625
14,1107
14,952
14,742
14,920
14,784
14,851
14,740
14,835
14,669
14,883
14,630
14,696
14,539
14,953
14,657
14,572
14,879
14,1644
14,779
14,1564
14,993
14,916
14,1406
14,1099
14,724
14,638
14,1141
14,2289
14,799
14,1328
14,1412
14,1289
14,702
14,629
14,916
14,1060
14,733
14,924
14,1512
14,581
14,692
14,2476
14,958
14,700
14,1512
14,544
14,761
14,1444
14,593
14,985
14,592
14,699
14,1214
14,2041
14,1443
14,1142
14,881
14,1862
14,971
14,955
14,588
14,537
14,703
14,1786
14,779
14,876
14,999
14,837
14,583
14,3099
14,2790
14,1311
14,701
14,1199
14,767
14,925
14,785
14,2814
14,1034
14,962
14,1178
14,1173
14,2147
14,665
14,889
14,752
14,1141
14,542
14,996
14,872
14,1108
14,874
14,1064
14,1514
14,1264
14,842
14,736
14,955
14,733
14,960
14,838
14,1175
14,847
14,1432
14,1450
14,801
14,1512
14,1645
14,1432
15,1596
15,1428
15,1798
15,3276
15,1924
15,1673
15,2090
15,1243
15,2542
15,2022
15,2105
15,1753
15,2570
15,3776
15,1584
15,2696
15,1527
15,2166
15,1243
15,2132
15,1918
15,1198
15,1157
15,1907
15,1620
15,2146
15,1386
15,1584
15,1762
15,1992
15,1089
15,1431
15,1404
15,1386
15,1538
15,1329
15,1470
15,1130
15,1914
15,2132
15,1092
15,1641
15,1286
15,1333
15,1434
15,1641
15,1499
15,1092
15,1577
15,1304
15,2843
15,1490
15,1849
15,1844
15,2292
15,2657
15,1302
15,1280
15,1616
15,1580
15,1906
15,2180
15,2648
15,3587
15,2848
15,1213
15,1532
15,1571
15,1501
15,1484
15,1842
15,2516
15,1344
15,1398
15,1353
15,1589
15,1524
15,1048
15,1297
15,1177
15,1497
15,1199
15,1284
15,1570
15,1239
15,1215
15,1161
15,1630
15,1092
15,1394
15,1335
15,1996
15,872
15,1056
15,936
15,1089
15,1143
15,1477
15,1535
15,1735
15,1551
15,1246
15,1061
15,1324
15,1205
15,1573
15,898
15,1127
15,1424
15,1025
15,1732
15,1088
15,1402
15,2924
15,1465
15,1463
15,1166
15,2029
15,2980
15,1944
15,2890
15,1665
15,1983
15,1682
15,1615
15,1678
15,1438
15,1262
15,1455
15,1672
15,1542
15,1987
15,1060
15,1347
15,2170
15,1470
15,1489
15,1539
15,1357
15,2462
15,1225
15,2089
15,1134
15,3354
15,1693
15,1234
15,2569
15,1624
15,1285
15,1547
15,981
15,1767
15,904
15,1120
15,842
15,981
15,1420
15,1627
15,2109
15,1164
15,1474
15,2537
15,1943
15,991
15,1218
15,1108
15,1070
15,909
15,1089
15,1143
15,1217
15,1476
15,1584
15,1205
15,795
15,2478
15,825
15,1553
15,1675
15,1863
15,956
15,1405
15,1277
15,1588
15,1139
15,1023
15,3330
15,921
15,1214
15,1448
15,1031
15,946
16,677
16,3004
16,2932
16,996
16,2150
16,1951
16,691
16,1065
16,1337
16,1001
16,1844
16,1413
16,2367
16,1432
16,882
16,1172
16,834
16,954
16,772
16,1261
16,1407
16,610
16,798
16,1440
16,767
16,1704
16,1031
16,843
16,1362
16,2158
16,2781
16,668
16,1153
16,798
16,2327
16,1588
16,875
16,1516
16,1959
16,1505
16,1292
16,3227
16,993
16,2410
16,2338
16,1414
16,1093
16,1271
16,1135
16,916
16,891
16,1020
16,956
16,1076
16,835
16,1713
16,1032
16,840
16,987
16,1374
16,955
16,2187
16,918
16,798
16,1487
16,782
16,655
16,1041
16,701
16,1365
16,994
16,1215
16,1138
16,1293
16,964
16,1142
16,852
16,2482
16,1075
16,1373
16,977
16,1256
16,695
16,3752
16,1060
16,1658
16,2716
16,985
16,1627
16,811
16,772
16,879
16,1066
16,886
16,1781
16,2089
16,2168
16,835
16,1627
16,923
16,1973
16,1404
16,1451
16,823
16,1992
16,819
16,847
16,989
16,688
16,1219
16,842
16,1477
16,1964
16,1395
16,2173
16,1030
16,1270
16,882
16,2001
16,1114
16,1145
16,1006
16,1149
16,1039
16,2041
16,658
16,1291
16,1413
16,1142
16,614
16,1360
16,1291
16,1218
16,1144
16,1366
16,1491
16,2565
16,614
16,2432
16,630
16,926
16,2001
16,1593
16,1327
16,2289
16,1181
16,2699
16,966
16,1955
16,1099
16,650
16,1742
16,2934
16,1299
16,1073
16,900
16,838
16,1681
16,1437
16,1177
16,1284
16,689
16,996
16,1570
16,1177
16,1182
16,1179
16,1070
16,725
16,768
16,1144
16,700
16,955
16,813
17,1210
17,1196
17,1058
17,888
17,907
17,829
17,694
17,1465
17,845
17,714
17,923
17,1028
17,687
17,629
17,1200
17,753
17,832
17,1220
17,3497
17,956
17,1719
17,1108
17,1138
17,2000
17,1591
17,2502
17,840
17,1126
17,1469
17,2297
17,831
17,901
17,840
17,1092
17,1092
17,1952
17,878
17,780
17,806
17,1515
17,577
17,804
17,760
17,881
17,1383
17,2468
17,2401
17,1181
17,1447
17,926
17,1104
17,764
17,1212
17,791
17,1474
17,766
17,1274
17,1090
17,732
17,1731
17,1387
17,529
17,641
17,866
17,2158
17,572
17,1985
17,565
17,1350
17,2209
17,567
17,1457
17,1204
17,830
17,1427
17,1980
17,559
17,660
17,681
17,1092
17,737
17,1367
17,934
17,664
17,1574
17,735
17,610
17,947
17,1117
17,1048
17,606
17,647
17,957
17,1091
17,1517
17,2682
17,700
17,1167
17,1109
17,1589
17,845
17,2136
17,2021
17,1827
17,1906
17,989
17,1680
17,647
17,2310
17,2167
17,863
17,2176
17,1197
17,806
17,627
17,704
17,714
17,1614
17,658
17,801
17,1754
17,1584
17,947
17,1692
17,1828
17,1786
17,1025
17,1496
17,2509
17,1326
17,1406
17,3393
17,828
17,832
17,947
17,1798
17,552
17,752
17,974
17,2069
17,1767
17,1299
17,1025
17,1473
17,1160
17,1052
17,3543
17,644
17,1243
17,500
17,734
17,2101
17,642
17,834
17,533
17,869
17,1259
17,753
17,655
17,662
17,1053
17,1262
17,1061
17,644
17,737
17,770
17,2132
17,2439
17,1488
17,1015
17,1131
17,754
17,3948
17,654
17,2814
17,829
17,682
17,902
17,2431
17,736
17,899
17,906
17,901
17,700
17,912
17,900
17,1070
17,1233
17,2920
17,658
17,938
17,1031
17,3409
17,899
17,717
17,2075
17,943
17,574
17,715
17,1131
17,643
17,723
17,941
18,1850
18,1362
18,1784
18,1070
18,986
18,1066
18,1263
18,1274
18,1594
18,879
18,1516
18,1133
18,1045
18,959
18,1075
18,849
18,917
18,986
18,3008
18,1051
18,658
18,1179
18,1846
18,1080
18,973
18,1108
18,840
18,860
18,1546
18,1214
18,1247
18,1032
18,865
18,1647
18,1122
18,972
18,925
18,881
18,881
18,961
18,1254
18,1030
18,889
18,805
18,2055
18,937
18,887
18,1003
18,976
18,1582
18,776
18,916
18,835
18,842
18,1113
18,1238
18,843
18,1623
18,985
18,1297
18,1159
18,1162
18,771
18,854
18,909
18,1283
18,1507
18,2003
18,877
18,830
18,1096
18,699
18,1102
18,966
18,1364
18,1189
18,845
18,993
18,2154
18,1929
18,1292
18,731
18,1174
18,762
18,2625
18,1026
18,1071
18,1005
18,813
18,1072
18,689
18,665
18,692
18,1319
18,1286
18,1076
18,824
18,847
18,697
18,899
18,938
18,1215
18,932
18,1025
18,943
18,1033
18,1095
18,658
18,1254
18,880
18,1531
18,1045
18,612
18,724
18,950
18,843
18,1143
18,879
18,814
18,1965
18,805
18,709
18,710
18,901
18,666
18,889
18,1047
18,1023
18,836
18,788
18,786
18,731
18,921
18,672
18,801
18,1995
18,694
18,696
18,950
18,696
18,653
18,1028
18,802
18,1137
18,729
18,1471
18,917
18,837
18,1031
18,1084
18,652
18,738
18,731
18,928
18,881
18,1048
18,775
18,537
18,890
18,956
18,886
18,613
18,954
18,697
18,686
18,960
18,670
18,1357
18,878
18,1224
18,1070
18,770
18,1658
18,1527
18,1526
18,890
18,1163
18,1901
18,844
18,957
18,726
18,677
18,1013
18,772
19,796
19,686
19,1549
19,922
19,844
19,721
19,792
19,794
19,1649
19,681
19,567
19,620
19,605
19,1069
19,987
19,1011
19,753
19,582
19,806
19,770
19,730
19,659
19,728
19,727
19,724
19,1013
19,533
19,714
19,910
19,611
19,808
19,686
19,731
19,879
19,1230
19,1019
19,545
19,807
19,735
19,569
19,650
19,722
19,733
19,756
19,629
19,560
19,1039
19,649
19,1282
19,691
19,1571
19,662
19,583
19,678
19,724
19,684
19,573
19,680
19,960
19,747
19,1173
19,687
19,619
19,513
19,922
19,602
19,531
19,680
19,626
19,583
19,587
19,987
19,531
19,656
19,908
19,1028
19,733
19,534
19,670
19,645
19,616
19,655
19,959
19,709
19,958
19,465
19,846
19,663
19,696
19,606
19,570
19,1018
19,574
19,568
19,608
19,1692
19,879
19,623
19,604
19,872
19,718
19,541
19,736
19,574
19,734
19,953
19,841
19,734
19,916
19,837
19,692
19,652
19,734
19,535
19,610
19,491
19,725
19,587
19,1024
19,1212
19,568
19,682
19,611
19,680
19,849
19,582
19,597
19,576
19,889
19,847
19,1051
19,697
19,645
19,918
19,746
19,622
19,728
19,665
19,693
19,678
19,1576
19,1013
19,592
19,621
19,602
19,761
19,1041
19,679
19,612
19,947
19,883
19,874
19,627
19,532
19,1222
19,1136
19,661
19,731
19,1028
19,618
19,654
19,735
19,676
19,935
19,906
19,699
19,774
19,451
19,608
19,579
19,533
19,1314
19,613
19,757
19,1136
19,700
19,759
19,945
19,827
19,587
19,909
19,867
19,567
19,727
19,566
19,692
19,743
19,1473
19,828
19,571
19,714
19,1206
19,830
2,884
2,3124
2,694
2,1143
2,1456
2,903
2,610
2,1278
2,1068
2,1002
2,1174
2,800
2,1172
2,772
2,1907
2,916
2,1358
2,955
2,804
2,831
2,803
2,1472
2,729
2,764
2,979
2,1701
2,995
2,1142
2,1281
2,949
2,1166
2,1733
2,1235
2,4621
2,1651
2,1015
2,1238
2,952
2,880
2,911
2,740
2,710
2,976
2,754
2,1174
2,1032
2,1384
2,772
2,843
2,1119
2,2167
2,805
2,2993
2,3397
2,725
2,1388
2,863
2,1287
2,918
2,1506
2,750
2,2500
2,2279
2,881
2,2139
2,1119
2,1678
2,1329
2,801
2,996
2,1447
2,757
2,643
2,869
2,797
2,1760
2,1757
2,1978
2,1790
2,1545
2,902
2,1381
2,652
2,1259
2,2505
2,1207
2,979
2,878
2,1090
2,2663
2,1206
2,846
2,936
2,1356
2,869
2,608
2,1278
2,664
2,606
2,646
2,1009
2,2094
2,1469
2,786
2,641
2,1244
2,2245
2,841
2,1993
2,4946
2,2587
2,1009
2,949
2,694
2,638
2,1367
2,2013
2,1174
2,1912
2,1108
2,879
2,796
2,536
2,1754
2,1656
2,1274
2,2248
2,1453
2,571
2,1101
2,951
2,1312
2,1068
2,1062
2,918
2,849
2,494
2,936
2,1625
2,685
2,1087
2,907
2,2246
2,770
2,1308
2,699
2,1140
2,788
2,1029
2,881
2,1105
2,638
2,981
2,755
2,803
2,786
2,837
2,789
2,603
2,768
2,1435
2,1270
2,1134
2,903
2,860
2,1250
2,676
2,1127
2,770
2,1100
2,824
2,1456
2,968
2,1234
2,875
2,868
2,1045
2,711
2,693
2,638
2,1235
2,796
20,849
20,2525
20,2308
20,1445
20,1525
20,1748
20,1312
20,1225
20,1786
20,1370
20,1187
20,1769
20,1103
20,2407
20,823
20,956
20,1485
20,1892
20,962
20,2036
20,937
20,936
20,1036
20,1441
20,2528
20,773
20,1778
20,4063
20,1013
20,1249
20,2108
20,1632
20,2823
20,2520
20,1032
20,1658
20,1059
20,915
20,2272
20,838
20,2415
20,838
20,885
20,1520
20,999
20,873
20,3712
20,852
20,3122
20,1849
20,2281
20,2514
20,2918
20,809
20,3027
20,580
20,4095
20,773
20,1923
20,955
20,1665
20,686
20,1895
20,2164
20,1964
20,1322
20,1484
20,2230
20,1039
20,1475
20,2006
20,1689
20,769
20,1223
20,1182
20,846
20,1363
20,1769
20,2009
20,1256
20,1040
20,918
20,3114
20,2670
20,836
20,583
20,1254
20,956
20,886
20,990
20,987
20,1590
20,1848
20,2234
20,802
20,3905
20,838
20,1737
20,1330
20,1121
20,1299
20,1476
20,846
20,845
20,919
20,1408
20,1295
20,686
20,1775
20,804
20,2673
20,3867
20,766
20,657
20,1227
20,2035
20,816
20,849
20,1407
20,1553
20,688
20,1769
20,1334
20,1521
20,1035
20,1546
20,1513
20,1591
20,803
20,661
20,1837
20,802
20,2415
20,3583
20,1030
20,695
20,1954
20,1442
20,962
20,1104
20,1291
20,1554
20,543
20,725
20,732
20,1406
20,620
20,927
20,1626
20,2623
20,1592
20,923
20,1694
20,799
20,1666
20,1293
20,1416
20,767
20,1213
20,1180
20,1227
20,542
20,1306
20,1211
20,1602
20,977
20,1509
20,3416
20,843
20,1517
20,845
20,844
20,887
20,917
20,743
20,1034
20,1769
20,809
20,917
20,2013
20,1489
20,1384
20,1139
20,1216
21,1061
21,788
21,927
21,1215
21,1464
21,1168
21,962
21,845
21,2180
21,903
21,724
21,775
21,2200
21,1034
21,1537
21,670
21,1284
21,1450
21,947
21,1313
21,1428
21,1190
21,1443
21,737
21,1160
21,952
21,987
21,567
21,1498
21,1211
21,947
21,1143
21,1213
21,656
21,1220
21,2680
21,826
21,793
21,720
21,901
21,3430
21,964
21,1367
21,1073
21,956
21,631
21,1431
21,1356
21,1141
21,617
21,1362
21,1799
21,576
21,950
21,1439
21,2279
21,775
21,727
21,838
21,1027
21,835
21,839
21,799
21,494
21,799
21,640
21,981
21,808
21,822
21,566
21,654
21,724
21,907
21,731
21,1843
21,1355
21,1089
21,1131
21,3775
21,1012
21,5260
21,756
21,1437
21,879
21,988
21,1273
21,591
21,991
21,545
21,833
21,1287
21,532
21,682
21,602
21,941
21,722
21,1834
21,1013
21,643
21,500
21,1161
21,538
21,2136
21,609
21,690
21,1466
21,793
21,1031
21,1504
21,995
21,1275
21,1203
21,1177
21,903
21,1067
21,915
21,654
21,725
21,1166
21,718
21,1391
21,1187
21,767
21,1555
21,658
21,1167
21,1065
21,800
21,1359
21,1020
21,995
21,661
21,2109
21,979
21,2093
21,605
21,911
21,768
21,3394
21,1052
21,697
21,773
21,1183
21,2096
21,5703
21,1619
21,570
21,605
21,2205
21,758
21,685
21,1090
21,1165
21,655
21,1281
21,643
21,1054
21,574
21,535
21,1836
21,1844
21,1926
21,698
21,2076
21,697
21,4357
21,592
21,1054
21,653
21,1098
21,586
21,911
21,1523
21,1011
21,1027
21,2258
21,772
21,1132
21,1546
21,918
21,1070
22,5537
22,1096
22,1115
22,1194
22,1094
22,1361
22,1801
22,1765
22,1362
22,2037
22,1375
22,985
22,2817
22,2473
22,1834
22,4673
22,3988
22,1447
22,1357
22,2080
22,3488
22,1824
22,1448
22,975
22,3571
22,1226
22,4891
22,1415
22,1128
22,1369
22,2203
22,2107
22,1166
22,1622
22,1309
22,857
22,1100
22,2178
22,1205
22,1737
22,1430
22,2688
22,1244
22,975
22,2015
22,2843
22,1106
22,2129
22,1533
22,1092
22,2088
22,4400
22,1584
22,2696
22,1388
22,3289
22,2221
22,1347
22,2418
22,1699
22,1403
22,1401
22,1598
22,4540
22,2648
22,1495
22,1881
22,1607
22,2185
22,1566
22,1274
22,1094
22,1312
22,2350
22,1474
22,3602
22,1277
22,1441
22,2238
22,3518
22,1485
22,2390
22,1855
22,1567
22,1475
22,649
22,1736
22,2172
22,2108
22,1945
22,1836
22,1437
22,2352
22,827
22,1217
22,1486
22,1755
22,2218
22,1918
22,5512
22,3874
22,3272
22,1828
22,1682
22,1088
22,1020
22,1190
22,1882
22,1923
22,977
22,2915
22,1961
22,1284
22,2667
22,961
22,1661
22,1125
22,1218
22,1145
22,1508
22,1398
22,1161
22,1343
22,1684
22,2518
22,2550
22,1026
22,1067
22,1059
22,1840
22,1505
22,942
22,2241
22,1251
22,1216
22,979
22,2589
22,3540
22,2255
22,3898
22,5488
22,1435
22,1764
22,2326
22,1473
22,1124
22,1661
22,1876
22,1700
22,938
22,3957
22,1000
22,1064
22,3070
22,1497
22,2020
22,2260
22,3064
22,3582
22,1208
22,1039
22,2169
22,845
22,916
22,2498
22,2176
22,2834
22,2733
22,1736
22,1325
22,770
22,1144
22,843
22,1389
22,1805
22,1514
22,1391
22,1219
22,1626
22,1178
22,1276
22,1366
22,2427
22,1610
22,1507
22,5807
22,1192
22,1550
22,874
22,6366
22,1510
23,1051
23,776
23,986
23,922
23,1124
23,1104
23,1044
23,830
23,866
23,899
23,967
23,1047
23,903
23,1016
23,565
23,837
23,1053
23,1311
23,828
23,1584
23,980
23,620
23,610
23,757
23,1319
23,789
23,721
23,1220
23,818
23,905
23,713
23,671
23,661
23,1304
23,1726
23,828
23,912
23,941
23,727
23,869
23,827
23,868
23,914
23,652
23,661
23,952
23,711
23,585
23,690
23,1018
23,739
23,810
23,897
23,830
23,601
23,799
23,804
23,605
23,881
23,2787
23,902
23,1088
23,662
23,1197
23,717
23,813
23,579
23,916
23,694
23,682
23,505
23,527
23,658
23,655
23,772
23,858
23,600
23,792
23,897
23,715
23,688
23,584
23,1315
23,810
23,656
23,726
23,1055
23,698
23,914
23,906
23,1284
23,905
23,697
23,1087
23,1052
23,1436
23,765
23,530
23,802
23,732
23,600
23,651
23,657
23,600
23,603
23,727
23,943
23,1361
23,533
23,745
23,719
23,748
23,642
23,682
23,676
23,783
23,852
23,646
23,652
23,818
23,734
23,621
23,661
23,1010
23,697
23,840
23,791
23,549
23,744
23,640
23,732
23,660
23,714
23,649
23,729
23,627
23,643
23,624
23,839
23,694
23,590
23,1174
23,847
23,881
23,726
23,1084
23,991
23,1009
23,624
23,1295
23,1628
23,806
23,511
23,659
23,774
23,595
23,1244
23,590
23,628
23,484
23,703
23,839
23,770
23,830
23,2048
23,773
23,684
23,1382
23,787
23,897
23,740
23,652
23,842
23,757
23,773
23,660
23,729
23,726
23,801
23,914
23,907
3,883
3,1024
3,1052
3,1277
3,1143
3,1810
3,679
3,832
3,1205
3,732
3,980
3,1103
3,1567
3,1279
3,638
3,1330
3,1214
3,1440
3,956
3,1755
3,769
3,942
3,1127
3,1689
3,864
3,881
3,915
3,911
3,937
3,996
3,1303
3,915
3,1189
3,897
3,1070
3,1133
3,732
3,1023
3,713
3,538
3,1937
3,1130
3,1131
3,679
3,797
3,1205
3,606
3,976
3,867
3,1255
3,930
3,794
3,1068
3,1416
3,1175
3,824
3,1025
3,642
3,1240
3,1400
3,1099
3,678
3,858
3,995
3,759
3,1031
3,1509
3,870
3,751
3,803
3,1351
3,1216
3,682
3,1493
3,1877
3,1982
3,1016
3,1019
3,1070
3,1012
3,1383
3,883
3,988
3,1827
3,1251
3,907
3,914
3,996
3,714
3,847
3,2865
3,854
3,1218
3,1202
3,1236
3,684
3,1137
3,1761
3,3963
3,1583
3,1013
3,989
3,961
3,1248
3,1583
3,995
3,1251
3,883
3,1863
3,935
3,919
3,1397
3,1135
3,1202
3,768
3,2021
3,1331
3,1177
3,1420
3,1069
3,992
3,1212
3,1324
3,2559
3,2242
3,1700
3,1870
3,1233
3,2604
3,1320
3,842
3,1538
3,2071
3,849
3,938
3,1478
3,2169
3,1057
3,1233
3,1579
3,1250
3,1287
3,2476
3,1959
3,1027
3,1288
3,1199
3,1214
3,1178
3,922
3,1536
3,757
3,1051
3,1460
3,989
3,1049
3,978
3,1161
3,1256
3,911
3,1698
3,1942
3,1198
3,1397
3,1292
3,1033
3,786
3,1171
3,981
3,993
3,1535
3,912
3,610
3,2130
3,1031
3,915
3,1512
4,1646
4,949
4,1701
4,1136
4,1438
4,1377
4,1322
4,1159
4,1906
4,1003
4,2075
4,3033
4,1048
4,4068
4,1084
4,1371
4,1322
4,1166
4,1220
4,1910
4,1275
4,1719
4,1916
4,1880
4,940
4,1395
4,1475
4,1388
4,1544
4,1806
4,1195
4,1368
4,2138
4,1691
4,1330
4,1320
4,1087
4,1631
4,833
4,2226
4,1729
4,1134
4,943
4,2126
4,2555
4,1050
4,1251
4,2393
4,1024
4,1146
4,1549
4,1389
4,1062
4,2698
4,1552
4,1606
4,1719
4,1084
4,1681
4,1239
4,3032
4,1368
4,1584
4,1329
4,1331
4,1925
4,1050
4,1346
4,1104
4,1063
4,1203
4,1534
4,1016
4,1238
4,1126
4,1427
4,3352
4,1173
4,1948
4,1683
4,995
4,1686
4,1227
4,1585
4,1402
4,1363
4,1504
4,1209
4,1317
4,941
4,1401
4,2130
4,1494
4,1994
4,1796
4,3152
4,2620
4,1165
4,1372
4,1159
4,1180
4,1435
4,1705
4,974
4,2456
4,1023
4,1952
4,1344
4,1362
4,2369
4,1396
4,1264
4,2203
4,1325
4,1833
4,1203
4,1114
4,1640
4,1164
4,1448
4,1805
4,1499
4,1161
4,1540
4,2174
4,1653
4,1825
4,2034
4,1886
4,1617
4,1515
4,1921
4,979
4,1584
4,1205
4,2513
4,1662
4,769
4,918
4,1025
4,1236
4,1209
4,3087
4,1632
4,1516
4,1084
4,1138
4,1118
4,1589
4,2536
4,1248
4,912
4,1536
4,1403
4,2178
4,1206
4,2757
4,1534
4,2257
4,1114
4,936
4,1463
4,2810
4,947
4,1023
4,2324
4,898
4,1526
4,1479
4,1515
4,1739
4,1411
4,1914
4,959
4,2250
4,2142
4,1583
4,1463
4,1251
4,4220
4,872
4,1474
4,2205
4,2030
4,2569
4,2477
4,1068
5,904
5,1047
5,814
5,977
5,1286
5,1113
5,846
5,976
5,1099
5,1552
5,1791
5,831
5,1024
5,1020
5,835
5,887
5,923
5,908
5,1102
5,802
5,1220
5,2057
5,1122
5,826
5,915
5,1050
5,813
5,605
5,623
5,1469
5,736
5,1033
5,1590
5,1289
5,986
5,1210
5,764
5,1136
5,697
5,603
5,1146
5,983
5,1241
5,611
5,1014
5,842
5,1845
5,609
5,908
5,1166
5,1269
5,1614
5,842
5,648
5,1583
5,870
5,826
5,1053
5,648
5,988
5,877
5,1427
5,657
5,910
5,848
5,1350
5,775
5,738
5,1355
5,977
5,1391
5,1020
5,1034
5,824
5,989
5,901
5,611
5,1507
5,829
5,729
5,654
5,648
5,663
5,731
5,940
5,765
5,982
5,975
5,987
5,1382
5,683
5,995
5,1326
5,1044
5,1108
5,1286
5,1465
5,981
5,878
5,648
5,1034
5,899
5,733
5,1809
5,750
5,1107
5,1747
5,722
5,940
5,840
5,1215
5,1240
5,1021
5,712
5,921
5,1969
5,810
5,676
5,883
5,1124
5,1970
5,1068
5,1276
5,920
5,883
5,975
5,937
5,1442
5,1761
5,1069
5,875
5,992
5,1212
5,1223
5,1211
5,752
5,913
5,921
5,1061
5,1139
5,1121
5,2291
5,1577
5,1398
5,610
5,1847
5,1162
5,1033
5,738
5,1725
5,1134
5,1190
5,883
5,902
5,1293
5,870
5,1121
5,1145
5,992
5,1461
5,846
5,1270
5,1763
5,875
5,1330
5,2359
5,996
5,686
5,881
5,905
5,1404
5,1203
5,904
5,895
5,714
5,923
5,1898
5,1290
5,611
6,1252
6,2021
6,3408
6,1269
6,1666
6,1819
6,1094
6,3325
6,3071
6,1272
6,1554
6,1086
6,2055
6,2461
6,2067
6,979
6,1633
6,3051
6,2543
6,3723
6,2083
6,1762
6,2914
6,1503
6,1128
6,2215
6,1378
6,1423
6,2101
6,1176
6,1755
6,861
6,1089
6,1611
6,1049
6,1945
6,2019
6,987
6,1196
6,1312
6,2516
6,4919
6,2067
6,1999
6,891
6,686
6,1136
6,1032
6,1304
6,1003
6,2735
6,1042
6,1057
6,2629
6,995
6,1465
6,1576
6,1309
6,1067
6,3829
6,2021
6,1246
6,1257
6,2088
6,2066
6,2826
6,1534
6,1068
6,884
6,977
6,1871
6,947
6,1131
6,1724
6,1029
6,3653
6,884
6,1479
6,917
6,1234
6,1245
6,1207
6,984
6,1280
6,1619
6,1145
6,3094
6,2461
6,2031
6,1033
6,2435
6,1757
6,1512
6,1538
6,1003
6,1247
6,1079
6,984
6,1328
6,1618
6,1287
6,1107
6,1649
6,1399
6,821
6,2694
6,797
6,2252
6,1017
6,1180
6,1721
6,1128
6,1150
6,1386
6,7877
6,2221
6,928
6,977
6,1175
6,1024
6,1871
6,1172
6,1317
6,1908
6,1210
6,2396
6,1272
6,3219
6,903
6,1172
6,1360
6,1041
6,462
6,1336
6,3512
6,2541
6,679
6,1248
6,1170
6,3060
6,2297
6,1597
6,2170
6,1398
6,2310
6,2846
6,1396
6,2134
6,1552
6,1556
6,1448
6,1342
6,1224
6,946
6,1100
6,1139
6,3015
6,2279
6,957
6,2094
6,1428
6,921
6,1257
6,3092
6,1989
6,1460
6,1217
6,873
6,780
6,958
6,646
6,715
6,642
7,1439
7,1884
7,950
7,1216
7,3184
7,1360
7,668
7,994
7,768
7,1585
7,998
7,1300
7,1439
7,952
7,687
7,849
7,921
7,1222
7,1144
7,811
7,2486
7,2667
7,946
7,1818
7,1136
7,993
7,1221
7,1103
7,1152
7,963
7,806
7,889
7,1300
7,823
7,1042
7,2223
7,1005
7,2203
7,927
7,1207
7,814
7,839
7,800
7,952
7,1059
7,650
7,810
7,695
7,796
7,956
7,1076
7,1814
7,3449
7,988
7,1209
7,805
7,874
7,813
7,875
7,922
7,870
7,836
7,846
7,991
7,696
7,913
7,666
7,881
7,768
7,1034
7,621
7,928
7,726
7,1038
7,1286
7,1147
7,1597
7,769
7,991
7,773
7,771
7,877
7,884
7,836
7,995
7,1138
7,1554
7,760
7,2530
7,725
7,1147
7,2299
7,919
7,1075
7,919
7,996
7,890
7,769
7,1073
7,1191
7,1065
7,701
7,815
7,946
7,895
7,1331
7,767
7,1557
7,853
7,812
7,774
7,1584
7,1048
7,1704
7,890
7,965
7,733
7,814
7,996
7,923
7,813
7,957
7,701
7,1189
7,2977
7,2158
7,2296
7,1039
7,774
7,1404
7,7071
7,1398
7,1283
7,800
7,919
7,686
7,953
7,956
7,1158
7,842
7,854
7,813
7,881
7,732
7,1034
7,1320
7,774
7,729
7,1246
7,1284
7,1552
7,731
7,884
7,465
7,1588
7,1105
7,1479
7,732
7,736
7,732
7,1322
7,1708
7,957
7,742
7,1284
7,3004
7,698
7,924
7,955
7,784
7,1002
7,2930
7,657
8,2105
8,2348
8,900
8,724
8,809
8,2220
8,1763
8,1216
8,869
8,1869
8,936
8,1255
8,602
8,977
8,1913
8,2218
8,1183
8,1043
8,797
8,1986
8,769
8,869
8,1938
8,2015
8,990
8,964
8,944
8,842
8,809
8,1307
8,1274
8,1052
8,1253
8,981
8,751
8,717
8,777
8,1174
8,834
8,3017
8,1142
8,1134
8,831
8,1167
8,828
8,1104
8,1123
8,937
8,2459
8,827
8,1406
8,1089
8,1304
8,755
8,2053
8,994
8,793
8,1216
8,924
8,1056
8,1090
8,831
8,1984
8,1651
8,757
8,583
8,932
8,1205
8,846
8,1143
8,778
8,940
8,1056
8,1702
8,970
8,2315
8,2953
8,1200
8,642
8,1061
8,724
8,1148
8,1094
8,603
8,880
8,1752
8,1135
8,568
8,1132
8,1983
8,776
8,690
8,937
8,1539
8,1012
8,939
8,1357
8,612
8,966
8,1216
8,720
8,721
8,1139
8,955
8,1919
8,2252
8,1027
8,1103
8,805
8,1361
8,821
8,1146
8,1005
8,1425
8,1139
8,2027
8,1462
8,793
8,770
8,789
8,1805
8,1052
8,943
8,539
8,2036
8,613
8,1264
8,1735
8,623
8,1717
8,1866
8,1428
8,1327
8,873
8,1028
8,2315
8,2097
8,2623
8,807
8,1067
8,722
8,1686
8,1103
8,1460
8,1103
8,1002
8,1041
8,605
8,937
8,768
8,731
8,791
8,943
8,1052
8,845
8,2025
8,1839
8,1129
8,1012
8,683
8,1979
8,905
8,1395
8,1085
8,978
8,2499
8,1013
8,1219
8,880
8,919
8,792
8,695
8,952
8,1717
8,736
8,809
8,1036
8,1392
8,1658
8,1058
9,1331
9,552
9,801
9,801
9,2114
9,780
9,1100
9,919
9,688
9,1071
9,2216
9,5131
9,2071
9,1416
9,2141
9,1085
9,918
9,987
9,1471
9,1287
9,1321
9,693
9,771
9,732
9,690
9,885
9,1034
9,1255
9,1002
9,765
9,1069
9,1851
9,1260
9,920
9,964
9,1636
9,2201
9,2480
9,1072
9,1548
9,1452
9,1887
9,687
9,1009
9,1779
9,915
9,1405
9,879
9,2122
9,817
9,505
9,648
9,745
9,616
9,863
9,709
9,701
9,881
9,1024
9,875
9,766
9,1011
9,1066
9,1480
9,1589
9,933
9,1773
9,3465
9,2017
9,3499
9,1101
9,837
9,994
9,712
9,925
9,919
9,727
9,1702
9,1335
9,1589
9,1258
9,995
9,839
9,1073
9,1521
9,4020
9,777
9,913
9,1374
9,1177
9,2376
9,1293
9,729
9,776
9,1038
9,765
9,1293
9,1547
9,789
9,789
9,847
9,920
9,1063
9,810
9,919
9,1381
9,628
9,1139
9,847
9,724
9,1001
9,2040
9,2905
9,1284
9,1263
9,740
9,1031
9,1066
9,1074
9,1064
9,544
9,1178
9,771
9,1189
9,1229
9,1302
9,966
9,891
9,911
9,619
9,777
9,704
9,891
9,704
9,985
9,771
9,1179
9,686
9,728
9,1117
9,1031
9,1143
9,615
9,692
9,1092
9,1109
9,886
9,924
9,1497
9,878
9,1145
9,1143
9,1367
9,1035
9,2105
9,1677
9,1297
9,2183
9,864
9,1887
9,1820
9,1549
9,1024
9,1830
9,1253
9,1112
9,1084
9,969
9,654
9,1490
9,3203
9,2182
9,851
9,1850
9,2100
9,926
9,965
9,995
9,1078
9,839
9,1302
17,558
17,660
17,698
17,573
17,639
17,596
17,552
17,627
17,524
17,501
17,639
17,511
17,586
17,665
17,886
17,596
17,576
17,470
17,420
17,586
17,462
17,624
17,843
17,886
17,460
17,502
17,537
17,663
17,771
17,551
17,479
17,756
17,1052
17,747
17,548
17,848
17,458
17,555
17,497
17,770
17,474
17,606
17,501
17,539
17,516
17,466
17,502
17,949
17,429
17,537
17,936
17,466
17,589
17,470
17,557
17,598
17,962
17,605
17,780
17,523
17,625
17,891
17,502
17,464
17,538
17,846
17,578
17,723
17,586
17,544
17,497
17,645
17,707
17,587
17,494
17,618
17,524
17,465
17,537
17,464
17,1156
17,462
17,580
17,462
17,497
17,605
17,867
17,578
17,608
17,700
17,423
17,465
17,805
17,449
17,460
17,386
17,616
17,525
17,712
17,390
17,496
17,493
17,549
17,477
17,427
17,411
17,829
17,426
17,535
17,463
17,472
17,465
17,523
17,543
17,458
17,428
17,604
17,425
17,645
17,632
17,695
17,610
17,729
17,494
17,483
17,688
17,519
17,504
17,922
17,475
17,425
17,743
17,464
17,549
17,709
17,479
17,440
17,388
17,629
17,568
17,797
17,516
17,1372
17,504
17,812
17,420
17,523
17,425
17,1035
17,519
17,550
17,540
17,1089
17,501
17,455
17,549
17,601
17,642
17,498
17,628
17,1020
17,497
17,1118
17,428
17,474
17,385
17,739
17,442
17,934
17,475
17,537
17,585
17,522
17,463
17,717
17,396
17,465
17,524
17,413
17,472
17,591
17,474
17,596
17,572
17,563
17,665
17,699
17,760
17,429
17,525
17,688
17,438
17,596
17,488
17,773
17,438
17,428
17,422
17,730
17,523
18,984
18,663
18,1117
18,704
18,604
18,1006
18,770
18,697
18,745
18,649
18,638
18,646
18,608
18,908
18,669
18,801
18,666
18,689
18,615
18,610
18,1319
18,694
18,798
18,803
18,837
18,715
18,1050
18,670
18,688
18,773
18,987
18,716
18,702
18,615
18,736
18,711
18,733
18,573
18,626
18,844
18,907
18,747
18,970
18,575
18,654
18,575
18,506
18,696
18,664
18,631
18,619
18,875
18,530
18,804
18,580
18,959
18,2033
18,593
18,809
18,641
18,881
18,797
18,627
18,463
18,704
18,792
18,871
18,671
18,1348
18,774
18,683
18,945
18,1280
18,531
18,772
18,1097
18,861
18,561
18,1729
18,638
18,1330
18,762
18,652
18,1281
18,703
18,801
18,1113
18,503
18,875
18,1143
18,508
18,670
18,887
18,686
18,685
18,579
18,910
18,701
18,576
18,866
18,697
18,618
18,631
18,1174
18,902
18,700
18,885
18,1401
18,825
18,922
18,709
18,871
18,704
18,1818
18,848
18,1077
18,1752
18,546
18,606
18,721
18,718
18,1089
18,539
18,1149
18,1019
18,576
18,1175
18,763
18,702
18,689
18,606
18,670
18,495
18,704
18,642
18,624
18,927
18,536
18,785
18,664
18,770
18,501
18,946
18,398
18,568
18,805
18,858
18,643
18,658
18,840
18,651
18,990
18,720
18,802
18,496
18,646
18,517
18,555
18,427
18,807
18,702
18,499
18,541
18,608
18,552
18,420
18,854
19,679
19,618
19,654
19,519
19,487
19,469
19,539
19,521
19,805
19,487
19,862
19,504
19,489
19,454
19,518
19,803
19,476
19,665
19,530
19,398
19,586
19,453
19,537
19,630
19,666
19,424
19,700
19,497
19,551
19,416
19,526
19,475
19,721
19,590
19,864
19,479
19,525
19,425
19,656
19,489
19,555
19,458
19,591
19,438
19,681
19,346
19,628
19,442
19,459
19,529
19,827
19,851
19,524
19,687
19,665
19,573
19,537
19,552
19,884
19,493
19,527
19,495
19,477
19,592
19,458
19,527
19,545
19,469
19,582
19,483
19,474
19,544
19,439
19,485
19,454
19,517
19,733
19,520
19,428
19,471
19,1026
19,518
19,542
19,623
19,548
19,709
19,429
19,621
19,507
19,791
19,436
19,1333
19,512
19,654
19,455
19,901
19,435
19,880
19,519
19,471
19,615
19,470
19,1488
19,624
19,1449
19,811
19,932
19,607
19,545
19,731
19,665
19,508
19,696
19,588
19,541
19,504
19,547
19,485
19,547
19,507
19,1267
19,595
19,1033
19,576
19,468
19,654
19,555
19,1409
19,520
19,758
19,546
19,780
19,619
19,590
19,505
19,1049
19,507
19,995
19,967
19,725
19,512
19,591
19,625
19,434
19,583
19,554
19,579
19,544
19,431
19,444
19,617
19,616
19,587
19,577
19,583
19,479
19,625
19,485
19,559
19,627
19,507
19,542
19,474
19,477
19,585
19,593
19,693
19,484
19,582
19,696
19,468
19,876
19,509
19,806
19,661
20,769
20,598
20,1051
20,604
20,634
20,544
20,892
20,1103
20,758
20,1181
20,883
20,537
20,541
20,1253
20,696
20,968
20,511
20,990
20,469
20,447
20,968
20,435
20,1844
20,543
20,1451
20,481
20,854
20,486
20,1106
20,897
20,785
20,801
20,634
20,445
20,844
20,552
20,506
20,563
20,444
20,765
20,556
20,747
20,1227
20,636
20,1177
20,484
20,585
20,549
20,820
20,526
20,711
20,1072
20,820
20,615
20,635
20,1450
20,547
20,1924
20,537
20,1556
20,574
20,816
20,711
20,697
20,749
20,630
20,568
20,957
20,587
20,643
20,617
20,1143
20,464
20,834
20,611
20,543
20,604
20,504
20,624
20,1177
20,496
20,869
20,549
20,506
20,507
20,768
20,511
20,659
20,1213
20,531
20,460
20,519
20,513
20,1167
20,535
20,799
20,717
20,505
20,644
20,687
20,461
20,757
20,1331
20,582
20,984
20,466
20,733
20,425
20,510
20,462
20,499
20,933
20,424
20,1589
20,685
20,547
20,984
20,503
20,759
20,765
20,1139
20,533
20,576
20,1463
20,645
20,1388
20,895
20,648
20,536
20,1109
20,537
20,1927
20,570
20,606
20,473
20,1358
20,536
20,1109
20,573
20,661
20,506
20,803
20,1018
20,571
20,555
20,668
20,693
20,1287
20,502
20,1204
20,663
20,512
20,587
20,543
20,532
20,764
20,495
20,1107
20,519
20,583
20,539
20,1106
20,794
20,550
20,1230
20,540
20,1063
20,536
20,1040
20,510
20,3324
20,551
20,642
20,465
20,1119
20,544
20,1067
21,550
21,778
21,579
21,728
21,807
21,655
21,546
21,712
21,612
21,546
21,1749
21,838
21,728
21,909
21,649
21,764
21,573
21,675
21,588
21,546
21,575
21,657
21,791
21,811
21,908
21,462
21,693
21,766
21,650
21,587
21,704
21,631
21,468
21,667
21,434
21,582
21,431
21,665
21,963
21,649
21,619
21,1122
21,579
21,726
21,471
21,481
21,543
21,697
21,627
21,850
21,653
21,579
21,706
21,992
21,912
21,591
21,549
21,954
21,490
21,1300
21,549
21,700
21,585
21,592
21,799
21,634
21,730
21,538
21,1223
21,574
21,535
21,590
21,538
21,588
21,508
21,428
21,503
21,584
21,430
21,495
21,913
21,507
21,510
21,923
21,643
21,508
21,486
21,886
21,492
21,457
21,515
21,713
21,570
21,505
21,461
21,764
21,666
21,534
21,542
21,581
21,1069
21,582
21,501
21,810
21,581
21,791
21,673
21,527
21,572
21,552
21,494
21,779
21,566
21,548
21,478
21,753
21,510
21,1220
21,492
21,635
21,546
21,456
21,618
21,529
21,546
21,674
21,494
21,590
21,660
21,490
21,442
21,516
21,432
21,561
21,869
21,673
21,549
21,515
21,998
21,600
21,524
21,664
21,608
21,476
21,1335
21,904
21,487
21,720
21,618
21,804
21,751
21,1074
21,516
21,673
21,780
21,531
21,733
21,513
21,570
21,507
21,475
21,529
21,472
21,527
21,581
21,551
21,532
21,648
21,450
21,640
21,569
21,489
21,495
21,449
21,603
21,479
21,657
21,567
21,736
21,644
21,380
21,547
21,494
22,1188
22,616
22,1136
22,666
22,1292
22,646
22,749
22,994
22,534
22,1319
22,732
22,551
22,564
22,578
22,1291
22,550
22,736
22,424
22,542
22,572
22,560
22,413
22,815
22,542
22,1543
22,479
22,1329
22,505
22,1316
22,555
22,622
22,588
22,1029
22,549
22,639
22,458
22,423
22,468
22,760
22,460
22,604
22,578
22,862
22,534
22,815
22,490
22,424
22,455
22,758
22,467
22,772
22,579
22,948
22,460
22,1908
22,619
22,582
22,697
22,491
22,1503
22,622
22,558
22,688
22,1340
22,486
22,1139
22,566
22,455
22,513
22,446
22,993
22,570
22,505
22,1129
22,500
22,1032
22,483
22,498
22,620
22,551
22,763
22,721
22,442
22,1357
22,432
22,654
22,1990
22,804
22,564
22,788
22,1892
22,490
22,1046
22,528
22,571
22,972
22,552
22,639
22,420
22,821
22,1715
22,499
22,473
22,1532
22,605
22,2066
22,561
22,932
22,508
22,1297
22,472
22,861
22,549
22,1180
22,495
22,591
22,768
22,507
22,1057
22,564
22,504
22,1876
22,496
22,1149
22,531
22,1327
22,613
22,1620
22,500
22,2105
22,454
22,527
22,1579
22,515
22,2095
22,505
22,574
22,1615
22,725
22,563
22,1060
22,540
22,2622
22,416
22,447
22,1543
22,457
22,2402
22,462
22,421
22,957
22,589
22,977
22,566
22,1302
22,440
22,570
22,497
22,867
22,722
22,942
22,456
22,1029
22,496
22,1298
22,584
22,870
22,1158
22,461
22,7687
22,474
22,1622
22,796
22,820
22,792
22,685
22,508
22,730
22,495
22,497
22,508
22,577
22,604
22,458
22,466
22,810
22,467
22,500
22,1900
22,623
22,416
22,496
23,657
23,1544
23,705
23,1113
23,625
23,801
23,537
23,906
23,770
23,777
23,594
23,576
23,769
23,623
23,963
23,593
23,786
23,881
23,657
23,1031
23,571
23,888
23,1022
23,583
23,841
23,1140
23,1403
23,663
23,691
23,1179
23,1254
23,741
23,633
23,585
23,522
23,668
23,472
23,862
23,512
23,740
23,537
23,815
23,578
23,1051
23,699
23,552
23,687
23,847
23,541
23,950
23,507
23,791
23,698
23,612
23,777
23,733
23,1075
23,690
23,557
23,841
23,1519
23,734
23,1197
23,1181
23,1069
23,910
23,1234
23,993
23,731
23,687
23,717
23,1409
23,984
23,690
23,555
23,740
23,1105
23,917
23,538
23,726
23,1138
23,516
23,611
23,626
23,1592
23,1254
23,769
23,631
23,741
23,1378
23,842
23,700
23,785
23,658
23,1251
23,505
23,811
23,1135
23,814
23,513
23,735
23,1035
23,769
23,990
23,848
23,801
23,915
23,763
23,856
23,1253
23,919
23,577
23,708
23,653
23,823
23,1080
23,649
23,849
23,651
23,506
23,622
23,738
23,949
23,595
23,779
23,615
23,766
23,875
23,626
23,996
23,566
23,543
23,960
23,543
23,805
23,1074
23,550
23,1032
23,638
23,705
23,657
23,507
23,771
23,509
23,1181
23,624
23,627
23,1064
23,590
23,538
23,584
23,585
23,583
23,615
23,463
23,507
23,540
23,632
23,445
23,430
23,888
23,575
23,732
23,754
23,889
23,1114
23,472
23,490
23,816
23,673
23,546
23,564
23,658
23,462
23,847
23,574
23,648
24,636
24,701
24,588
24,689
24,706
24,863
24,881
24,514
24,1044
24,1020
24,552
24,590
24,530
24,712
24,610
24,454
24,520
24,656
24,463
24,756
24,471
24,765
24,418
24,938
24,465
24,808
24,466
24,623
24,554
24,622
24,628
24,447
24,652
24,820
24,402
24,520
24,358
24,511
24,474
24,1189
24,584
24,699
24,659
24,555
24,624
24,439
24,1031
24,479
24,653
24,526
24,1732
24,550
24,508
24,841
24,486
24,484
24,742
24,507
24,629
24,832
24,552
24,521
24,989
24,655
24,682
24,613
24,419
24,469
24,657
24,415
24,484
24,958
24,505
24,727
24,588
24,517
24,504
24,623
24,484
24,892
24,920
24,546
24,559
24,755
24,544
24,556
24,735
24,918
24,654
24,661
24,472
24,1101
24,548
24,632
24,595
24,487
24,484
24,544
24,545
24,510
24,448
24,506
24,630
24,591
24,476
24,783
24,487
24,706
24,444
24,467
24,484
24,403
24,519
24,545
24,429
24,375
24,772
24,570
24,609
24,875
24,745
24,522
24,485
24,632
24,738
24,502
24,959
24,525
24,662
24,736
24,449
24,917
24,504
24,950
24,662
24,1060
24,493
24,883
24,617
24,856
24,406
24,523
24,618
24,401
24,952
24,542
24,445
24,874
24,498
24,411
24,467
24,676
24,503
24,392
24,443
24,559
24,549
24,451
24,733
24,444
24,921
24,619
24,561
24,624
24,468
24,688
24,550
24,478
24,558
24,1181
24,994
24,653
24,1105
24,510
24,658
24,543
24,814
24,662
24,435
24,1256
24,763
24,702
24,414
24,620
24,549
24,725
24,661
24,545
24,876
24,660
24,656
24,577
24,655
24,637
24,471
24,710
24,483
25,686
25,628
25,874
25,621
25,626
25,528
25,690
25,692
25,507
25,579
25,476
25,620
25,514
25,570
25,788
25,580
25,608
25,560
25,571
25,463
25,544
25,712
25,632
25,599
25,508
25,717
25,580
25,483
25,514
25,674
25,460
25,679
25,612
25,718
25,539
25,685
25,570
25,567
25,577
25,918
25,1236
25,531
25,765
25,506
25,901
25,438
25,434
25,505
25,454
25,451
25,558
25,548
25,389
25,557
25,496
25,641
25,920
25,575
25,494
25,537
25,495
25,877
25,473
25,582
25,482
25,455
25,526
25,567
25,878
25,514
25,581
25,552
25,455
25,612
25,633
25,593
25,500
25,833
25,651
25,654
25,462
25,559
25,532
25,680
25,690
25,549
25,501
25,645
25,652
25,586
25,491
25,761
25,501
25,525
25,662
25,431
25,905
25,603
25,509
25,842
25,550
25,714
25,600
25,1410
25,587
25,791
25,533
25,1090
25,612
25,427
25,454
25,703
25,682
25,580
25,520
25,732
25,550
25,477
25,769
25,547
25,720
25,558
25,548
25,513
25,450
25,793
25,485
25,468
25,541
25,457
25,779
25,617
25,592
25,532
25,714
25,503
25,822
25,461
25,459
25,530
25,700
25,699
25,618
25,853
25,728
25,505
25,653
25,802
25,525
25,451
25,556
25,655
25,555
25,631
25,542
25,519
25,581
25,636
25,702
25,654
25,785
25,441
25,735
25,684
25,508
25,660
25,451
25,543
25,472
25,446
25,445
25,660
25,468
25,544
25,520
25,517
25,505
25,715
25,552
25,789
25,555
25,557
25,809
25,539
25,687
25,448
25,503
25,539
25,540
25,538
25,427
26,800
26,1140
26,1090
26,1070
26,1099
26,539
26,528
26,616
26,1214
26,737
26,687
26,1093
26,654
26,1205
26,577
26,1137
26,569
26,585
26,1052
26,560
26,584
26,650
26,769
26,758
26,585
26,1176
26,538
26,427
26,646
26,616
26,460
26,912
26,702
26,538
26,569
26,779
26,566
26,1719
26,421
26,912
26,644
26,589
26,702
26,628
26,1240
26,1744
26,456
26,753
26,1211
26,616
26,589
26,722
26,521
26,802
26,1027
26,762
26,995
26,537
26,1034
26,422
26,678
26,544
26,550
26,913
26,541
26,756
26,534
26,789
26,496
26,423
26,493
26,556
26,634
26,580
26,1104
26,838
26,1250
26,551
26,539
26,503
26,516
26,839
26,591
26,497
26,520
26,759
26,549
26,1747
26,995
26,531
26,751
26,1227
26,609
26,726
26,839
26,2093
26,457
26,800
26,493
26,653
26,459
26,580
26,1406
26,561
26,539
26,529
26,863
26,492
26,727
26,529
26,607
26,512
26,1030
26,538
26,537
26,498
26,877
26,568
26,497
26,793
26,707
26,904
26,565
26,541
26,1879
26,1715
26,888
26,704
26,635
26,635
26,540
26,603
26,769
26,1089
26,719
26,1140
26,624
26,1185
26,544
26,658
26,1193
26,575
26,510
26,572
26,1188
26,833
26,739
26,543
26,571
26,842
26,624
26,537
26,650
26,497
26,569
26,498
26,659
26,507
26,546
26,771
26,615
26,641
26,556
26,1301
26,501
26,942
26,427
26,1294
26,463
26,728
26,969
26,533
26,610
26,838
26,631
27,688
27,1224
27,2918
27,1227
27,741
27,633
27,1022
27,894
27,894
27,838
27,1184
27,890
27,956
27,688
27,824
27,599
27,1002
27,1031
27,2005
27,974
27,648
27,1122
27,658
27,613
27,538
27,639
27,542
27,1107
27,883
27,692
27,600
27,1865
27,582
27,1142
27,725
27,733
27,922
27,813
27,585
27,567
27,1814
27,581
27,655
27,1406
27,624
27,815
27,543
27,540
27,537
27,556
27,897
27,810
27,618
27,779
27,2299
27,1445
27,1250
27,1819
27,1635
27,2188
27,622
27,686
27,663
27,955
27,1333
27,629
27,1971
27,580
27,630
27,2478
27,583
27,1366
27,588
27,1555
27,1069
27,732
27,1482
27,1322
27,2041
27,657
27,632
27,1407
27,1611
27,800
27,652
27,1112
27,776
27,742
27,763
27,843
27,740
27,1137
27,733
27,600
27,575
27,662
27,877
27,1415
27,510
27,612
27,762
27,706
27,658
27,825
27,1029
27,650
27,1157
27,1787
27,1036
27,1107
27,624
27,633
27,685
27,848
27,506
27,505
27,961
27,622
27,693
27,613
27,469
27,1866
27,621
27,715
27,649
27,964
27,750
27,611
27,798
27,1303
27,1096
27,3164
27,688
27,576
27,651
27,811
27,631
27,546
27,1201
27,708
27,587
27,500
27,592
27,613
27,433
27,425
27,1257
27,872
27,508
27,736
27,541
27,844
27,735
27,522
27,618
27,478
27,511
27,925
27,471
27,1031
27,1179
27,502
27,588
27,795
27,739
27,510
27,468
27,760
27,509
27,710
27,696
28,747
28,771
28,574
28,725
28,538
28,600
28,915
28,620
28,716
28,566
28,569
28,498
28,498
28,534
28,752
28,580
28,1179
28,540
28,766
28,645
28,728
28,651
28,1067
28,956
28,699
28,838
28,534
28,841
28,674
28,657
28,689
28,624
28,1030
28,661
28,672
28,490
28,697
28,560
28,564
28,728
28,698
28,632
28,708
28,560
28,563
28,703
28,689
28,884
28,587
28,579
28,595
28,630
28,592
28,638
28,630
28,1268
28,837
28,879
28,655
28,801
28,730
28,625
28,952
28,626
28,633
28,665
28,995
28,844
28,888
28,884
28,771
28,959
28,692
28,1307
28,564
28,1024
28,804
28,683
28,642
28,913
28,844
28,709
28,723
28,807
28,699
28,771
28,644
28,589
28,655
28,613
28,507
28,542
28,663
28,656
28,521
28,728
28,554
28,1026
28,731
28,705
28,885
28,583
28,608
28,701
28,819
28,673
28,744
28,881
28,802
28,743
28,765
28,658
28,556
28,732
28,991
28,547
28,771
28,847
28,764
28,913
28,595
28,736
28,698
28,837
28,731
28,852
28,993
28,1180
28,523
28,661
28,810
28,637
28,594
28,580
28,618
28,600
28,842
28,748
28,959
28,522
28,597
28,703
28,524
28,748
28,587
28,713
28,531
28,601
28,694
28,777
28,587
28,781
28,602
28,522
28,970
28,659
28,599
28,878
28,588
28,1109
28,637
28,584
28,579
28,584
28,563
28,765
28,698
28,1042
28,645
28,765
28,813
28,768
28,560
28,700
28,732
28,654
28,736
28,674
28,546
28,697
28,583
28,924
28,583
28,584
28,594
28,534
28,749
28,526
29,565
29,481
29,529
29,392
29,534
29,562
29,515
29,1034
29,603
29,457
29,876
29,600
29,422
29,572
29,774
29,423
29,654
29,624
29,721
29,707
29,422
29,386
29,578
29,583
29,710
29,497
29,534
29,573
29,464
29,596
29,440
29,547
29,499
29,626
29,529
29,543
29,509
29,509
29,465
29,546
29,515
29,544
29,694
29,555
29,657
29,631
29,461
29,705
29,531
29,755
29,485
29,632
29,510
29,500
29,499
29,610
29,532
29,529
29,490
29,1293
29,492
29,563
29,480
29,626
29,533
29,492
29,552
29,533
29,423
29,492
29,442
29,431
29,427
29,385
29,427
29,829
29,512
29,846
29,535
29,867
29,464
29,573
29,667
29,539
29,578
29,420
29,501
29,475
29,495
29,502
29,426
29,459
29,652
29,472
29,609
29,455
29,588
29,559
29,622
29,461
29,635
29,456
29,879
29,427
29,423
29,467
29,490
29,695
29,457
29,391
29,559
29,643
29,461
29,1213
29,481
29,681
29,381
29,387
29,715
29,442
29,459
29,457
29,430
29,687
29,485
29,459
29,479
29,502
29,858
29,459
29,589
29,464
29,661
29,827
29,468
29,689
29,472
29,701
29,490
29,628
29,474
29,460
29,579
29,546
29,560
29,407
29,449
29,412
29,543
29,508
29,732
29,510
29,636
29,507
29,384
29,708
29,471
29,486
29,654
29,452
29,597
29,669
29,416
29,616
29,485
29,422
29,542
29,442
29,476
29,588
29,488
29,1180
29,484
30,843
30,693
30,752
30,519
30,927
30,651
30,1257
30,765
30,840
30,1006
30,809
30,836
30,1089
30,632
30,499
30,945
30,497
30,545
30,536
30,843
30,761
30,699
30,994
30,895
30,828
30,920
30,662
30,905
30,691
30,651
30,594
30,810
30,1832
30,1406
30,1209
30,1189
30,618
30,733
30,720
30,508
30,768
30,497
30,711
30,534
30,864
30,573
30,1132
30,716
30,914
30,650
30,905
30,840
30,498
30,509
30,609
30,772
30,539
30,832
30,684
30,613
30,667
30,539
30,1623
30,642
30,554
30,754
30,661
30,1141
30,654
30,880
30,683
30,465
30,735
30,534
30,918
30,996
30,922
30,944
30,644
30,502
30,612
30,567
30,459
30,532
30,631
30,810
30,914
30,643
30,818
30,1255
30,742
30,630
30,697
30,637
30,621
30,1308
30,582
30,933
30,603
30,559
30,897
30,694
30,667
30,1165
30,804
30,740
30,592
30,789
30,526
30,1730
30,953
30,742
30,1604
30,596
30,664
30,781
30,629
30,628
30,560
30,513
30,660
30,494
30,599
30,1400
30,704
30,710
30,695
30,669
30,599
30,698
30,1060
30,670
30,562
30,882
30,695
30,663
30,1438
30,560
30,696
30,768
30,880
30,525
30,485
30,557
30,601
30,1048
30,656
30,653
30,820
30,601
30,655
30,638
30,1066
30,1146
30,783
30,823
30,769
30,659
30,678
30,726
30,480
30,459
30,1104
30,969
30,895
30,594
30,525
30,667
30,1024
30,619
30,1047
30,1107
30,1300
30,619
30,823
30,545
30,1024
30,767
30,670
30,876
30,704
30,803
30,591
30,732
30,856
30,615
30,644
30,626
30,773
30,1158
30,586
30,814
30,690
30,778
30,591
30,751
30,602
30,731
30,524
30,709
31,652
31,900
31,843
31,1164
31,1032
31,734
31,1036
31,978
31,764
31,1060
31,802
31,1556
31,997
31,2093
31,866
31,890
31,688
31,2093
31,735
31,1744
31,878
31,1002
31,997
31,2156
31,843
31,1760
31,1330
31,2198
31,1520
31,808
31,883
31,1323
31,814
31,2246
31,840
31,1141
31,1218
31,1822
31,898
31,1166
31,2052
31,573
31,1332
31,1333
31,918
31,1361
31,1217
31,1596
31,1041
31,1525
31,1143
31,1029
31,1075
31,1040
31,1935
31,2046
31,1360
31,667
31,920
31,926
31,659
31,889
31,1535
31,2195
31,508
31,1885
31,1110
31,887
31,686
31,3321
31,1287
31,1029
31,1001
31,1175
31,1731
31,925
31,621
31,1601
31,613
31,653
31,3493
31,659
31,1174
31,659
31,690
31,854
31,583
31,2147
31,674
31,799
31,1041
31,890
31,1301
31,1255
31,773
31,583
31,877
31,926
31,780
31,762
31,1105
31,1215
31,1102
31,1069
31,631
31,1003
31,847
31,576
31,1965
31,652
31,655
31,2014
31,1885
31,2145
31,700
31,694
31,800
31,808
31,1037
31,1742
31,705
31,1509
31,699
31,664
31,1038
31,616
31,805
31,767
31,667
31,1079
31,1930
31,1330
31,1035
31,1703
31,769
31,2758
31,656
31,1488
31,636
31,817
31,926
31,2943
31,696
31,951
31,576
31,762
31,734
31,1635
31,883
31,1215
31,1895
31,1138
31,657
31,4604
31,523
31,1232
31,628
31,763
31,742
31,986
31,1358
31,1888
31,620
31,1099
31,1371
31,658
31,631
31,1369
31,675
31,2050
31,599
31,1135
31,1035
31,858
31,2040
31,581
31,1447
31,992
31,978
31,658
31,1198
31,593
31,1655
31,582
31,702
31,1169
31,537
31,814
31,989
31,1263
31,1377
31,772
32,765
32,532
32,1216
32,511
32,498
32,906
32,481
32,656
32,1332
32,583
32,909
32,558
32,834
32,568
32,496
32,583
32,893
32,584
32,922
32,461
32,915
32,450
32,954
32,484
32,990
32,558
32,776
32,472
32,802
32,567
32,519
32,471
32,841
32,423
32,559
32,672
32,706
32,446
32,542
32,531
32,438
32,446
32,567
32,682
32,1172
32,724
32,951
32,603
32,548
32,612
32,830
32,521
32,756
32,460
32,471
32,473
32,534
32,552
32,790
32,553
32,458
32,766
32,459
32,1260
32,458
32,599
32,1087
32,424
32,1481
32,580
32,827
32,510
32,457
32,411
32,569
32,1450
32,621
32,385
32,435
32,580
32,535
32,439
32,1076
32,503
32,467
32,805
32,496
32,471
32,726
32,541
32,742
32,422
32,467
32,528
32,505
32,1918
32,525
32,1229
32,512
32,857
32,444
32,999
32,783
32,426
32,701
32,539
32,964
32,581
32,692
32,405
32,704
32,508
32,1430
32,413
32,642
32,427
32,1088
32,509
32,1174
32,426
32,1425
32,495
32,495
32,630
32,588
32,493
32,494
32,497
32,811
32,876
32,1305
32,506
32,891
32,513
32,1553
32,849
32,1008
32,446
32,1545
32,511
32,622
32,517
32,580
32,472
32,1093
32,1080
32,2833
32,532
32,434
32,579
32,1252
32,525
32,736
32,737
32,527
32,443
32,451
32,486
32,1928
32,468
32,888
32,485
32,1153
32,656
32,923
32,1194
32,616
32,449
32,617
32,1031
32,454
32,996
32,626
32,821
32,653
32,920
32,467
32,466
1,801
1,1136
1,694
1,1088
1,751
1,621
1,1393
1,753
1,1197
1,871
1,552
1,643
1,844
1,498
1,562
1,838
1,505
1,428
1,821
1,673
1,491
1,828
1,580
1,579
1,549
1,931
1,574
1,782
1,601
1,969
1,557
1,726
1,597
1,679
1,654
1,837
1,786
1,649
1,619
1,883
1,767
1,523
1,469
1,723
1,1215
1,547
1,544
1,605
1,875
1,914
1,844
1,790
1,1025
1,773
1,689
1,470
1,893
1,482
1,483
1,651
1,646
1,559
1,873
1,625
1,672
1,573
1,621
1,845
1,503
1,713
1,504
1,743
1,641
1,574
1,788
1,595
1,789
1,569
1,619
1,880
1,604
1,824
1,968
1,841
1,564
1,595
1,536
1,826
1,947
1,751
1,523
1,872
1,858
1,500
1,1161
1,1089
1,507
1,762
1,567
1,566
1,840
1,638
1,462
1,895
1,455
1,762
1,817
1,492
1,488
1,692
1,498
1,823
1,948
1,955
1,913
1,776
1,546
1,675
1,1701
1,595
1,491
1,657
1,557
1,1135
1,544
1,1025
1,544
1,469
1,798
1,631
1,690
1,545
1,648
1,843
1,732
1,748
1,2132
1,648
1,427
1,952
1,583
1,1104
1,722
1,788
1,576
1,565
1,744
1,802
1,454
1,432
1,630
1,503
1,823
1,489
1,545
1,492
1,526
1,620
1,510
1,749
1,541
1,724
1,602
1,499
1,804
1,543
1,447
1,856
1,472
1,652
1,499
1,636
1,450
1,599
1,798
1,487
1,706
1,463
1,804
1,637
1,672
1,1024
1,707
1,658
1,1042
1,614
1,573
1,759
1,564
1,686
1,594
1,927
1,805
1,1290
10,1080
10,936
10,870
10,864
10,895
10,854
10,821
10,586
10,861
10,1239
10,901
10,601
10,864
10,680
10,887
10,778
10,683
10,606
10,823
10,981
10,698
10,492
10,658
10,680
10,615
10,955
10,642
10,958
10,660
10,704
10,739
10,771
10,846
10,814
10,721
10,807
10,564
10,622
10,690
10,774
10,690
10,837
10,762
10,732
10,677
10,806
10,612
10,549
10,605
10,1037
10,1210
10,1001
10,559
10,808
10,873
10,1077
10,798
10,743
10,777
10,655
10,642
10,1033
10,714
10,839
10,684
10,569
10,634
10,780
10,779
10,658
10,724
10,620
10,592
10,720
10,632
10,875
10,593
10,771
10,655
10,650
10,582
10,803
10,596
10,633
10,603
10,575
10,1302
10,785
10,627
10,659
10,803
10,660
10,892
10,666
10,583
10,724
10,723
10,686
10,615
10,997
10,725
10,734
10,841
10,711
10,571
10,1069
10,682
10,669
10,730
10,565
10,669
10,865
10,958
10,575
10,617
10,703
10,568
10,559
10,732
10,682
10,878
10,699
10,619
10,588
10,686
10,798
10,494
10,688
10,817
10,607
10,736
10,625
10,893
10,924
10,730
10,845
10,775
10,887
10,620
10,825
10,521
10,624
10,693
10,679
10,639
10,488
10,691
10,541
10,842
10,892
10,678
10,550
10,717
10,769
10,524
10,637
10,1369
10,1078
10,612
10,744
10,1407
10,787
10,663
10,659
10,689
10,724
10,798
10,815
10,821
10,695
10,915
10,715
10,608
10,551
10,950
10,802
10,662
10,563
10,551
10,765
10,669
10,699
10,747
10,847
10,706
10,732
10,990
11,1975
11,1223
11,1264
11,1503
11,909
11,2216
11,1349
11,948
11,1058
11,2041
11,1315
11,1419
11,1245
11,864
11,929
11,643
11,901
11,1677
11,1378
11,1192
11,1204
11,1063
11,1266
11,814
11,1046
11,1297
11,982
11,1282
11,1092
11,1272
11,1834
11,1186
11,1054
11,1016
11,899
11,1059
11,1001
11,1239
11,1414
11,1041
11,858
11,726
11,968
11,856
11,936
11,1082
11,1027
11,1487
11,1078
11,935
11,970
11,781
11,899
11,1193
11,1022
11,860
11,1238
11,799
11,1298
11,895
11,710
11,1090
11,1084
11,1152
11,763
11,972
11,650
11,940
11,1317
11,978
11,966
11,1685
11,1412
11,1151
11,1371
11,1125
11,1528
11,866
11,1118
11,979
11,1561
11,1892
11,1311
11,1266
11,1412
11,717
11,1188
11,837
11,827
11,1116
11,1149
11,1542
11,1152
11,1109
11,1238
11,1025
11,872
11,1709
11,942
11,938
11,936
11,2624
11,705
11,786
11,727
11,800
11,1188
11,829
11,777
11,910
11,908
11,1078
11,1046
11,976
11,820
11,615
11,690
11,1831
11,966
11,1425
11,1485
11,1301
11,810
11,1172
11,933
11,1154
11,872
11,1971
11,1476
11,668
11,727
11,827
11,2132
11,1339
11,1188
11,726
11,1641
11,1676
11,1119
11,910
11,823
11,1150
11,1047
11,792
11,1674
11,1053
11,807
11,957
11,1377
11,644
11,1167
11,1055
11,1430
11,938
11,641
11,612
11,1057
11,1154
11,703
11,972
11,911
11,1137
11,923
11,934
11,822
11,988
11,1199
11,803
11,859
11,631
11,622
11,2175
11,691
11,1469
11,894
11,915
11,1706
11,633
11,930
11,1098
11,1118
11,1013
11,1609
11,1288
11,698
11,677
11,1197
11,1099
11,1379
11,1217
11,1367
11,993
11,720
11,1271
11,1151
11,1308
11,973
11,1431
11,1060
11,819
12,714
12,707
12,804
12,1161
12,903
12,660
12,970
12,824
12,747
12,941
12,1080
12,649
12,785
12,952
12,1535
12,1443
12,1126
12,582
12,687
12,695
12,690
12,791
12,1122
12,988
12,653
12,935
12,676
12,864
12,1199
12,994
12,685
12,861
12,521
12,1274
12,655
12,604
12,788
12,576
12,620
12,750
12,1200
12,1361
12,754
12,709
12,602
12,1053
12,957
12,581
12,716
12,670
12,950
12,886
12,917
12,857
12,1006
12,716
12,875
12,766
12,676
12,954
12,1344
12,991
12,992
12,768
12,824
12,896
12,728
12,863
12,677
12,1162
12,669
12,612
12,577
12,511
12,543
12,875
12,944
12,1188
12,833
12,844
12,507
12,1187
12,1237
12,827
12,1186
12,1471
12,586
12,1247
12,661
12,653
12,512
12,714
12,502
12,846
12,1039
12,642
12,696
12,802
12,1307
12,859
12,895
12,2265
12,752
12,1080
12,669
12,897
12,1055
12,730
12,583
12,818
12,688
12,788
12,858
12,673
12,856
12,655
12,921
12,785
12,792
12,972
12,798
12,839
12,965
12,616
12,597
12,655
12,754
12,1064
12,544
12,822
12,707
12,1280
12,675
12,652
12,826
12,691
12,651
12,621
12,1234
12,938
12,772
12,904
12,976
12,1193
12,687
12,1098
12,656
12,562
12,1149
12,933
12,750
12,1070
12,1007
12,658
12,561
12,584
12,634
12,708
12,971
12,656
12,1358
12,662
12,895
12,896
12,803
12,690
12,883
12,877
12,714
12,1921
12,596
12,622
12,1275
12,1386
12,631
12,726
12,922
12,544
13,751
13,676
13,635
13,792
13,1154
13,682
13,787
13,639
13,688
13,872
13,861
13,798
13,740
13,540
13,613
13,871
13,760
13,898
13,1316
13,813
13,860
13,788
13,612
13,778
13,853
13,795
13,790
13,929
13,704
13,827
13,745
13,632
13,874
13,540
13,889
13,836
13,965
13,606
13,630
13,631
13,725
13,1195
13,748
13,650
13,818
13,893
13,754
13,656
13,676
13,653
13,779
13,607
13,649
13,535
13,461
13,615
13,744
13,720
13,976
13,853
13,872
13,574
13,1010
13,629
13,827
13,857
13,653
13,575
13,976
13,1349
13,985
13,655
13,927
13,912
13,891
13,652
13,635
13,552
13,518
13,667
13,832
13,578
13,723
13,710
13,1079
13,623
13,945
13,660
13,693
13,1026
13,955
13,707
13,658
13,804
13,903
13,598
13,530
13,484
13,553
13,612
13,915
13,653
13,667
13,701
13,898
13,1071
13,620
13,737
13,526
13,652
13,872
13,700
13,562
13,555
13,616
13,985
13,781
13,601
13,635
13,923
13,921
13,747
13,666
13,676
13,661
13,659
13,778
13,943
13,765
13,718
13,964
13,819
13,554
13,805
13,1183
13,810
13,677
13,809
13,631
13,758
13,563
13,542
13,507
13,793
13,800
13,819
13,781
13,599
13,528
13,542
13,669
13,766
13,745
13,932
13,845
13,605
13,539
13,593
13,619
13,899
13,751
13,852
13,747
13,793
13,767
13,845
13,740
13,775
13,667
13,732
13,623
13,878
13,639
13,681
13,595
13,544
13,891
13,951
13,528
13,556
13,881
13,580
13,523
13,1046
13,517
13,732
13,541
13,952
13,655
13,565
13,683
13,693
13,521
14,1022
14,1149
14,898
14,971
14,1047
14,865
14,687
14,978
14,1069
14,1062
14,573
14,1210
14,1121
14,756
14,1538
14,688
14,808
14,1097
14,803
14,1480
14,671
14,1176
14,904
14,868
14,738
14,925
14,867
14,1169
14,1067
14,939
14,1730
14,940
14,1103
14,2336
14,1158
14,909
14,1251
14,879
14,829
14,1364
14,1337
14,875
14,808
14,1341
14,602
14,992
14,1300
14,767
14,719
14,885
14,918
14,1139
14,871
14,756
14,1373
14,899
14,1304
14,1209
14,832
14,1000
14,716
14,1499
14,1093
14,742
14,790
14,747
14,1255
14,651
14,1625
14,868
14,1479
14,837
14,1215
14,952
14,680
14,1285
14,1290
14,848
14,1102
14,1072
14,745
14,2011
14,1029
14,758
14,1476
14,1083
14,979
14,633
14,749
14,922
14,1552
14,812
14,918
14,867
14,669
14,679
14,686
14,758
14,1440
14,819
14,1327
14,605
14,697
14,636
14,758
14,1424
14,1653
14,1605
14,771
14,1203
14,994
14,862
14,1205
14,1042
14,812
14,1881
14,877
14,1652
14,633
14,902
14,1011
14,937
14,909
14,732
14,732
14,921
14,700
14,884
14,1081
14,557
14,1377
14,1139
14,951
14,1076
14,1330
14,656
14,655
14,901
14,1493
14,802
14,1125
14,985
14,626
14,831
14,1904
14,1362
14,591
14,608
14,1429
14,2235
14,670
14,1486
14,1238
14,1043
14,785
14,823
14,928
14,1016
14,1151
14,593
14,1183
14,571
14,526
14,680
14,721
14,1119
14,483
14,1165
14,607
14,676
14,876
15,688
15,581
15,1017
15,858
15,633
15,544
15,723
15,901
15,806
15,651
15,563
15,842
15,690
15,642
15,677
15,612
15,732
15,758
15,620
15,951
15,583
15,768
15,668
15,724
15,893
15,842
15,555
15,710
15,619
15,711
15,638
15,632
15,613
15,690
15,585
15,594
15,686
15,712
15,542
15,989
15,652
15,956
15,553
15,512
15,1219
15,722
15,563
15,576
15,771
15,603
15,1177
15,673
15,618
15,600
15,782
15,589
15,766
15,822
15,893
15,842
15,1425
15,1868
15,706
15,689
15,1268
15,548
15,1368
15,600
15,502
15,604
15,712
15,668
15,856
15,1183
15,715
15,603
15,617
15,788
15,652
15,768
15,842
15,753
15,821
15,467
15,624
15,633
15,1463
15,768
15,712
15,710
15,618
15,672
15,1053
15,826
15,683
15,716
15,658
15,577
15,614
15,504
15,501
15,810
15,782
15,657
15,526
15,547
15,826
15,541
15,919
15,587
15,660
15,748
15,649
15,504
15,632
15,597
15,601
15,588
15,576
15,688
15,753
15,913
15,566
15,841
15,541
15,969
15,709
15,803
15,618
15,504
15,650
15,895
15,578
15,1346
15,746
15,582
15,581
15,1178
15,748
15,1377
15,671
15,1365
15,1305
15,622
15,651
15,882
15,1222
15,745
15,750
15,1332
15,1103
15,959
15,678
15,675
15,598
15,873
15,577
15,616
15,728
15,1053
15,593
15,616
15,743
15,1032
15,1046
15,762
15,613
15,616
15,584
15,995
15,986
15,1894
15,746
15,727
15,634
15,855
15,791
15,542
15,548
15,566
15,791
15,1046
15,764
15,576
15,756
15,917
15,913
15,957
15,750
15,660
15,1008
15,1557
15,728
16,736
16,866
16,1070
16,1063
16,968
16,1045
16,736
16,807
16,663
16,773
16,1005
16,622
16,838
16,613
16,1071
16,614
16,581
16,738
16,616
16,617
16,733
16,1104
16,769
16,740
16,763
16,577
16,885
16,925
16,628
16,738
16,698
16,736
16,749
16,616
16,1112
16,1101
16,729
16,622
16,602
16,619
16,847
16,622
16,1972
16,922
16,739
16,658
16,689
16,397
16,941
16,734
16,806
16,900
16,517
16,1028
16,893
16,601
16,616
16,639
16,697
16,700
16,995
16,844
16,1179
16,1292
16,779
16,618
16,738
16,731
16,661
16,696
16,645
16,624
16,527
16,574
16,686
16,905
16,640
16,645
16,607
16,629
16,1207
16,788
16,622
16,508
16,812
16,789
16,876
16,702
16,693
16,813
16,884
16,629
16,661
16,621
16,570
16,504
16,621
16,723
16,581
16,974
16,652
16,622
16,538
16,586
16,949
16,687
16,566
16,709
16,977
16,655
16,828
16,913
16,698
16,763
16,595
16,968
16,637
16,959
16,585
16,698
16,543
16,1606
16,547
16,603
16,637
16,875
16,577
16,615
16,618
16,694
16,679
16,838
16,712
16,669
16,750
16,680
16,754
16,676
16,639
16,957
16,712
16,640
16,807
16,865
16,606
16,805
16,565
16,661
16,839
16,586
16,583
16,600
16,940
16,565
16,914
16,817
16,808
16,585
16,769
16,507
16,499
16,583
16,862
16,569
16,577
16,960
16,649
16,1894
16,684
16,1128
16,576
16,652
16,762
16,850
16,589
16,552
16,1113
16,620
16,724
2,721
2,706
2,1149
2,673
2,663
2,839
2,892
2,812
2,776
2,2279
2,1071
2,889
2,1092
2,1164
2,913
2,710
2,1498
2,867
2,518
2,833
2,2010
2,962
2,500
2,907
2,964
2,1349
2,1750
2,2047
2,826
2,1114
2,1298
2,1425
2,758
2,671
2,763
2,934
2,1276
2,783
2,684
2,873
2,1237
2,1298
2,727
2,712
2,1264
2,1200
2,604
2,2616
2,1610
2,998
2,1294
2,871
2,1036
2,1198
2,1407
2,1263
2,855
2,871
2,2594
2,1444
2,1902
2,1335
2,656
2,1341
2,1317
2,1127
2,2196
2,751
2,1072
2,1355
2,1038
2,866
2,537
2,903
2,1294
2,961
2,1269
2,1856
2,1826
2,2190
2,791
2,1082
2,748
2,639
2,1021
2,1260
2,1370
2,890
2,970
2,1090
2,566
2,705
2,1616
2,1375
2,2086
2,867
2,942
2,869
2,1183
2,1749
2,1898
2,1412
2,1235
2,1937
2,1650
2,1321
2,1152
2,1791
2,605
2,929
2,3276
2,2910
2,1227
2,1300
2,1340
2,1560
2,1569
2,1117
2,1632
2,1009
2,812
2,1111
2,1204
2,1120
2,1374
2,1742
2,1086
2,744
2,706
2,1605
2,655
2,820
2,757
2,1210
2,666
2,797
2,1539
2,1007
2,970
2,1079
2,1008
2,1562
2,3487
2,869
2,1824
2,947
2,1465
2,1310
2,1407
2,760
2,740
2,566
2,1717
2,912
2,722
2,611
2,664
2,729
2,1273
2,1042
2,641
2,1241
2,895
2,605
2,642
2,1351
2,871
2,908
2,1150
2,873
2,1011
2,945
2,745
2,868
2,1453
2,2153
2,709
2,2017
2,981
2,983
2,1154
2,1707
2,707
3,583
3,1063
3,730
3,688
3,713
3,723
3,694
3,837
3,709
3,626
3,1586
3,669
3,584
3,732
3,653
3,976
3,1140
3,817
3,1311
3,945
3,787
3,1283
3,1092
3,594
3,900
3,749
3,753
3,599
3,856
3,1096
3,747
3,640
3,808
3,727
3,719
3,1063
3,734
3,798
3,947
3,1807
3,877
3,674
3,857
3,798
3,557
3,654
3,588
3,744
3,1004
3,584
3,698
3,792
3,853
3,844
3,773
3,816
3,692
3,1037
3,735
3,1375
3,910
3,626
3,662
3,1364
3,686
3,729
3,797
3,686
3,843
3,592
3,1525
3,807
3,579
3,923
3,1700
3,1412
3,826
3,823
3,911
3,1881
3,1011
3,733
3,773
3,639
3,1073
3,985
3,660
3,1285
3,1939
3,769
3,830
3,1167
3,662
3,924
3,1689
3,805
3,1025
3,684
3,2291
3,731
3,881
3,619
3,739
3,1220
3,1355
3,584
3,830
3,851
3,775
3,693
3,1222
3,3100
3,889
3,535
3,1222
3,994
3,1250
3,1096
3,1121
3,1508
3,1193
3,850
3,622
3,1357
3,765
3,576
3,865
3,1074
3,729
3,1293
3,834
3,882
3,688
3,808
3,828
3,812
3,1219
3,2320
3,1326
3,1964
3,928
3,769
3,1185
3,1477
3,789
3,884
3,1054
3,980
3,998
3,714
3,738
3,694
3,738
3,805
3,700
3,1283
3,642
3,1396
3,1127
3,918
3,826
3,660
3,1743
3,1258
3,1086
3,1053
3,682
3,1114
3,1040
3,1132
3,1072
3,698
3,704
3,600
3,562
3,533
3,751
3,636
3,645
3,563
3,571
3,621
3,563
3,508
3,575
3,683
3,491
3,908
3,586
4,676
4,895
4,746
4,570
4,687
4,572
4,673
4,521
4,830
4,444
4,576
4,517
4,576
4,942
4,593
4,506
4,568
4,569
4,688
4,522
4,788
4,555
4,681
4,824
4,679
4,582
4,1140
4,554
4,556
4,584
4,715
4,478
4,662
4,1291
4,553
4,529
4,698
4,621
4,727
4,918
4,456
4,651
4,535
4,620
4,775
4,471
4,642
4,587
4,599
4,723
4,919
4,854
4,867
4,698
4,695
4,890
4,689
4,1178
4,705
4,1047
4,839
4,495
4,693
4,593
4,620
4,542
4,445
4,679
4,527
4,1245
4,530
4,840
4,560
4,772
4,536
4,517
4,913
4,823
4,1049
4,601
4,505
4,1445
4,805
4,697
4,611
4,867
4,623
4,1103
4,502
4,781
4,569
4,566
4,588
4,735
4,569
4,771
4,1002
4,786
4,831
4,933
4,460
4,667
4,763
4,502
4,559
4,611
4,640
4,794
4,746
4,777
4,572
4,798
4,738
4,813
4,940
4,826
4,556
4,966
4,568
4,1015
4,782
4,634
4,714
4,555
4,570
4,962
4,526
4,999
4,607
4,704
4,643
4,600
4,889
4,648
4,1113
4,783
4,788
4,518
4,852
4,1125
4,689
4,822
4,542
4,526
4,502
4,464
4,530
4,554
4,707
4,494
4,718
4,715
4,566
4,1272
4,667
4,724
4,1167
4,904
4,646
4,684
4,854
4,789
4,669
4,464
4,560
4,702
4,965
4,681
4,1058
4,939
4,649
4,635
4,632
4,520
4,570
4,560
4,1114
4,780
4,756
4,516
4,633
4,539
4,627
4,530
4,764
4,562
5,2014
5,1996
5,940
5,2104
5,781
5,1066
5,1537
5,882
5,656
5,1266
5,2508
5,1283
5,2834
5,1011
5,800
5,1544
5,1660
5,1430
5,1964
5,1658
5,840
5,1028
5,1609
5,1078
5,1499
5,1422
5,693
5,1564
5,1134
5,1290
5,994
5,1495
5,1309
5,1460
5,1611
5,990
5,1120
5,1474
5,1197
5,941
5,955
5,1434
5,1043
5,2447
5,1087
5,940
5,1004
5,1011
5,732
5,1956
5,2188
5,1492
5,2019
5,1573
5,857
5,1345
5,711
5,1142
5,911
5,1234
5,930
5,1136
5,3420
5,1319
5,1050
5,1009
5,1090
5,1097
5,1158
5,730
5,1006
5,859
5,1644
5,1071
5,1501
5,1126
5,2152
5,1417
5,2280
5,1843
5,1947
5,1722
5,1928
5,1116
5,1322
5,4126
5,847
5,1044
5,865
5,1386
5,986
5,941
5,1509
5,1623
5,2070
5,1005
5,1928
5,1285
5,1399
5,2334
5,1657
5,1101
5,1461
5,1568
5,1552
5,1603
5,1850
5,915
5,921
5,1476
5,1572
5,1125
5,841
5,768
5,1104
5,1177
5,1472
5,1005
5,900
5,875
5,1492
5,2236
5,1680
5,1165
5,1627
5,2167
5,1773
5,1480
5,1975
5,1957
5,2819
5,1442
5,1143
5,1046
5,1300
5,1216
5,893
5,1098
5,692
5,1022
5,1117
5,987
5,986
5,1276
5,617
5,781
5,2204
5,1495
5,1194
5,1089
5,1107
5,1490
5,1513
5,1405
5,767
5,1046
5,1192
5,1028
5,883
5,1499
5,1123
5,872
5,1423
5,1546
5,1419
5,1273
5,1047
5,1852
5,1176
5,874
5,1308
5,766
5,1322
5,1272
5,802
5,1100
5,875
5,954
5,856
5,1014
5,840
5,1029
5,826
5,2431
5,1175
5,725
5,1826
5,2391
5,1791
5,916
6,1371
6,1019
6,1241
6,1340
6,1090
6,1429
6,1115
6,1222
6,1349
6,972
6,984
6,1308
6,1935
6,1679
6,1604
6,1258
6,1279
6,1429
6,1164
6,1072
6,1857
6,1296
6,941
6,2598
6,1531
6,1238
6,1424
6,1163
6,2353
6,1274
6,1266
6,1454
6,1690
6,2827
6,940
6,1156
6,2650
6,1055
6,1726
6,1322
6,1339
6,874
6,1008
6,935
6,981
6,1670
6,1075
6,1421
6,898
6,1501
6,1491
6,998
6,2076
6,1121
6,1931
6,1833
6,1167
6,1238
6,1290
6,1556
6,1821
6,1566
6,1382
6,2558
6,3274
6,1566
6,1238
6,940
6,2460
6,1201
6,1125
6,938
6,1604
6,2230
6,1750
6,1067
6,2049
6,1202
6,1498
6,991
6,1608
6,1496
6,1301
6,946
6,1086
6,3728
6,1455
6,983
6,834
6,1742
6,1463
6,1785
6,1084
6,1784
6,1640
6,2449
6,2051
6,1418
6,978
6,1300
6,1118
6,1087
6,722
6,1206
6,831
6,1347
6,1974
6,1522
6,1270
6,971
6,800
6,1873
6,1483
6,1094
6,1414
6,1193
6,1487
6,1240
6,1897
6,794
6,2241
6,1874
6,837
6,1226
6,942
6,643
6,797
6,1022
6,1236
6,964
6,2005
6,1939
6,1013
6,828
6,1224
6,1336
6,1445
6,1073
6,1266
6,1432
6,1096
6,1485
6,1412
6,1189
6,1230
6,1333
6,2429
6,1681
6,1009
6,1084
6,1376
6,1149
6,1166
6,2018
6,968
6,646
6,1456
6,1009
6,936
6,1011
6,1260
6,1208
6,938
6,904
6,1118
6,1076
6,1340
6,791
6,1151
6,1533
6,967
6,877
6,1207
6,2597
6,1319
7,708
7,749
7,920
7,1243
7,930
7,968
7,818
7,827
7,578
7,694
7,613
7,826
7,848
7,1266
7,1180
7,541
7,753
7,1006
7,788
7,1876
7,959
7,938
7,865
7,686
7,842
7,789
7,682
7,824
7,1083
7,821
7,884
7,748
7,1126
7,896
7,1144
7,1058
7,819
7,1069
7,807
7,777
7,551
7,956
7,632
7,1033
7,745
7,791
7,709
7,804
7,842
7,1300
7,1031
7,881
7,735
7,1504
7,724
7,912
7,1200
7,1268
7,623
7,728
7,941
7,914
7,832
7,1064
7,900
7,732
7,748
7,855
7,1575
7,1285
7,1158
7,1501
7,1031
7,897
7,893
7,1099
7,1067
7,902
7,1240
7,1086
7,1642
7,2748
7,1145
7,824
7,689
7,1143
7,972
7,1312
7,702
7,725
7,817
7,897
7,921
7,1230
7,1068
7,733
7,953
7,784
7,1011
7,690
7,1144
7,1140
7,768
7,824
7,1024
7,709
7,691
7,829
7,1610
7,746
7,863
7,729
7,1010
7,2125
7,1388
7,1081
7,2700
7,1433
7,724
7,933
7,2205
7,1036
7,726
7,1815
7,1010
7,1155
7,1623
7,1149
7,1629
7,1122
7,1074
7,886
7,1223
7,964
7,1366
7,1221
7,1146
7,1037
7,1288
7,1180
7,1700
7,747
7,1033
7,694
7,976
7,583
7,572
7,1238
7,1015
7,842
7,1667
7,1205
7,1859
7,1163
7,1227
7,736
7,882
7,639
7,1109
7,900
7,938
7,1014
7,824
7,659
7,993
7,822
7,1159
7,1919
7,2499
7,1535
7,1083
7,1120
7,804
7,1004
7,618
7,1271
7,672
7,785
7,1216
7,1712
7,619
7,687
7,1234
8,1036
8,1768
8,897
8,1126
8,1022
8,1418
8,826
8,1685
8,1562
8,1038
8,1376
8,2118
8,1237
8,721
8,1492
8,1295
8,940
8,1085
8,873
8,1241
8,1379
8,1522
8,1080
8,1234
8,1112
8,1484
8,1907
8,792
8,1079
8,1047
8,1484
8,1870
8,1075
8,1438
8,1351
8,1593
8,1043
8,2508
8,831
8,798
8,1706
8,1032
8,1270
8,896
8,1372
8,1393
8,858
8,1705
8,1260
8,1542
8,1577
8,1015
8,1562
8,1160
8,1244
8,1097
8,707
8,717
8,1342
8,2009
8,2063
8,1228
8,969
8,1046
8,689
8,1151
8,1461
8,1077
8,654
8,1236
8,1334
8,1079
8,972
8,1863
8,1638
8,832
8,892
8,2010
8,1459
8,1097
8,1212
8,1298
8,706
8,963
8,777
8,1099
8,971
8,1350
8,755
8,1373
8,962
8,906
8,756
8,710
8,1017
8,704
8,1395
8,723
8,993
8,763
8,933
8,531
8,1115
8,1127
8,1259
8,832
8,687
8,790
8,1151
8,702
8,1120
8,1129
8,976
8,1155
8,756
8,687
8,1265
8,1367
8,744
8,837
8,1226
8,937
8,836
8,1060
8,1112
8,859
8,644
8,716
8,1017
8,741
8,1043
8,861
8,854
8,1095
8,607
8,873
8,1296
8,641
8,685
8,726
8,670
8,778
8,1186
8,925
8,822
8,827
8,1018
8,698
8,646
8,976
8,1088
8,796
8,682
8,1274
8,829
8,858
8,613
8,837
8,966
8,1075
8,982
8,1266
8,772
8,612
8,903
8,935
8,1094
8,1191
8,943
8,633
8,645
8,789
8,1047
8,904
8,1024
8,909
8,866
8,810
8,678
8,713
8,723
8,574
8,2393
9,847
9,1056
9,1007
9,567
9,629
9,896
9,691
9,617
9,1125
9,1144
9,725
9,884
9,859
9,896
9,893
9,1497
9,1389
9,822
9,826
9,599
9,768
9,1179
9,438
9,1334
9,1067
9,499
9,673
9,1109
9,643
9,648
9,921
9,626
9,736
9,621
9,699
9,552
9,927
9,956
9,1775
9,1144
9,757
9,1163
9,676
9,529
9,789
9,881
9,688
9,1001
9,1067
9,1365
9,672
9,1064
9,680
9,623
9,827
9,1273
9,713
9,1001
9,524
9,660
9,614
9,786
9,726
9,717
9,1398
9,1620
9,1231
9,699
9,601
9,822
9,731
9,635
9,772
9,584
9,1127
9,558
9,641
9,658
9,576
9,876
9,901
9,911
9,900
9,620
9,734
9,527
9,1327
9,482
9,493
9,520
9,791
9,652
9,660
9,625
9,882
9,606
9,691
9,996
9,1119
9,691
9,847
9,612
9,558
9,865
9,634
9,735
9,770
9,452
9,707
9,1158
9,1105
9,464
9,654
9,605
9,896
9,687
9,1086
9,847
9,542
9,561
9,782
9,785
9,590
9,637
9,1587
9,660
9,941
9,764
9,427
9,655
9,621
9,837
9,822
9,595
9,1203
9,766
9,867
9,567
9,801
9,578
9,494
9,338
9,398
9,595
9,902
9,1122
9,564
9,614
9,1005
9,733
9,786
9,641
9,695
9,673
9,562
9,623
9,596
9,663
9,638
9,691
9,960
9,894
9,765
9,511
9,522
9,507
9,637
9,746
9,781
9,656
9,522
9,638
9,520
9,544
9,898
9,783
9,735
9,695
9,579
9,521
9,657
